"pPostcode","pCity","pState","pCountryCode"
"01000","Kangar","Perlis","MY"
"01007","Kangar","Perlis","MY"
"01009","Kangar","Perlis","MY"
"01500","Kangar","Perlis","MY"
"01502","Kangar","Perlis","MY"
"01503","Kangar","Perlis","MY"
"01504","Kangar","Perlis","MY"
"01505","Kangar","Perlis","MY"
"01506","Kangar","Perlis","MY"
"01508","Kangar","Perlis","MY"
"01512","Kangar","Perlis","MY"
"01514","Kangar","Perlis","MY"
"01516","Kangar","Perlis","MY"
"01517","Kangar","Perlis","MY"
"01518","Kangar","Perlis","MY"
"01524","Kangar","Perlis","MY"
"01529","Kangar","Perlis","MY"
"01532","Kangar","Perlis","MY"
"01538","Kangar","Perlis","MY"
"01540","Kangar","Perlis","MY"
"01546","Kangar","Perlis","MY"
"01550","Kangar","Perlis","MY"
"01551","Kangar","Perlis","MY"
"01556","Kangar","Perlis","MY"
"01560","Kangar","Perlis","MY"
"01564","Kangar","Perlis","MY"
"01570","Kangar","Perlis","MY"
"01572","Kangar","Perlis","MY"
"01576","Kangar","Perlis","MY"
"01578","Kangar","Perlis","MY"
"01582","Kangar","Perlis","MY"
"01586","Kangar","Perlis","MY"
"01590","Kangar","Perlis","MY"
"01592","Kangar","Perlis","MY"
"01594","Kangar","Perlis","MY"
"01596","Kangar","Perlis","MY"
"01598","Kangar","Perlis","MY"
"01600","Kangar","Perlis","MY"
"01604","Kangar","Perlis","MY"
"01606","Kangar","Perlis","MY"
"01608","Kangar","Perlis","MY"
"01609","Kangar","Perlis","MY"
"01610","Kangar","Perlis","MY"
"01612","Kangar","Perlis","MY"
"01614","Kangar","Perlis","MY"
"01620","Kangar","Perlis","MY"
"01622","Kangar","Perlis","MY"
"01626","Kangar","Perlis","MY"
"01628","Kangar","Perlis","MY"
"01630","Kangar","Perlis","MY"
"01632","Kangar","Perlis","MY"
"01634","Kangar","Perlis","MY"
"01644","Kangar","Perlis","MY"
"01646","Kangar","Perlis","MY"
"01648","Kangar","Perlis","MY"
"01660","Kangar","Perlis","MY"
"01664","Kangar","Perlis","MY"
"01670","Kangar","Perlis","MY"
"01672","Kangar","Perlis","MY"
"01673","Kangar","Perlis","MY"
"01674","Kangar","Perlis","MY"
"01676","Kangar","Perlis","MY"
"01680","Kangar","Perlis","MY"
"01694","Kangar","Perlis","MY"
"02000","Kuala Perlis","Perlis","MY"
"02100","Padang Besar","Perlis","MY"
"02200","Kaki Bukit","Perlis","MY"
"02400","Kangar","Perlis","MY"
"02450","Kangar","Perlis","MY"
"02500","Kangar","Perlis","MY"
"02600","Arau","Perlis","MY"
"02607","Arau","Perlis","MY"
"02609","Arau","Perlis","MY"
"02700","Simpang Ampat","Perlis","MY"
"02707","Simpang Ampat","Perlis","MY"
"02709","Simpang Ampat","Perlis","MY"
"02800","Simpang Ampat","Perlis","MY"
"05000","Alor Setar","Kedah","MY"
"05050","Alor Setar","Kedah","MY"
"05100","Alor Setar","Kedah","MY"
"05150","Alor Setar","Kedah","MY"
"05200","Alor Setar","Kedah","MY"
"05250","Alor Setar","Kedah","MY"
"05300","Alor Setar","Kedah","MY"
"05350","Alor Setar","Kedah","MY"
"05400","Alor Setar","Kedah","MY"
"05460","Alor Setar","Kedah","MY"
"05500","Alor Setar","Kedah","MY"
"05502","Alor Setar","Kedah","MY"
"05503","Alor Setar","Kedah","MY"
"05504","Alor Setar","Kedah","MY"
"05505","Alor Setar","Kedah","MY"
"05506","Alor Setar","Kedah","MY"
"05508","Alor Setar","Kedah","MY"
"05512","Alor Setar","Kedah","MY"
"05514","Alor Setar","Kedah","MY"
"05516","Alor Setar","Kedah","MY"
"05517","Alor Setar","Kedah","MY"
"05518","Alor Setar","Kedah","MY"
"05520","Alor Setar","Kedah","MY"
"05532","Alor Setar","Kedah","MY"
"05534","Alor Setar","Kedah","MY"
"05536","Alor Setar","Kedah","MY"
"05538","Alor Setar","Kedah","MY"
"05550","Alor Setar","Kedah","MY"
"05551","Alor Setar","Kedah","MY"
"05552","Alor Setar","Kedah","MY"
"05556","Alor Setar","Kedah","MY"
"05558","Alor Setar","Kedah","MY"
"05560","Alor Setar","Kedah","MY"
"05564","Alor Setar","Kedah","MY"
"05576","Alor Setar","Kedah","MY"
"05578","Alor Setar","Kedah","MY"
"05580","Alor Setar","Kedah","MY"
"05582","Alor Setar","Kedah","MY"
"05586","Alor Setar","Kedah","MY"
"05590","Alor Setar","Kedah","MY"
"05592","Alor Setar","Kedah","MY"
"05594","Alor Setar","Kedah","MY"
"05600","Alor Setar","Kedah","MY"
"05604","Alor Setar","Kedah","MY"
"05610","Alor Setar","Kedah","MY"
"05612","Alor Setar","Kedah","MY"
"05614","Alor Setar","Kedah","MY"
"05620","Alor Setar","Kedah","MY"
"05621","Alor Setar","Kedah","MY"
"05622","Alor Setar","Kedah","MY"
"05626","Alor Setar","Kedah","MY"
"05628","Alor Setar","Kedah","MY"
"05630","Alor Setar","Kedah","MY"
"05632","Alor Setar","Kedah","MY"
"05644","Alor Setar","Kedah","MY"
"05660","Alor Setar","Kedah","MY"
"05661","Alor Setar","Kedah","MY"
"05664","Alor Setar","Kedah","MY"
"05670","Alor Setar","Kedah","MY"
"05672","Alor Setar","Kedah","MY"
"05673","Alor Setar","Kedah","MY"
"05674","Alor Setar","Kedah","MY"
"05675","Alor Setar","Kedah","MY"
"05676","Alor Setar","Kedah","MY"
"05680","Alor Setar","Kedah","MY"
"05690","Alor Setar","Kedah","MY"
"05696","Alor Setar","Kedah","MY"
"05700","Alor Setar","Kedah","MY"
"05710","Alor Setar","Kedah","MY"
"05720","Alor Setar","Kedah","MY"
"05990","Alor Setar","Kedah","MY"
"06000","Jitra","Kedah","MY"
"06007","Jitra","Kedah","MY"
"06009","Jitra","Kedah","MY"
"06010","Changloon","Kedah","MY"
"06010","Universiti Utara Malaysia","Kedah","MY"
"06050","Bukit Kayu Hitam","Kedah","MY"
"06100","Kodiang","Kedah","MY"
"06150","Ayer Hitam","Kedah","MY"
"06200","Kepala Batas","Kedah","MY"
"06207","Kepala Batas","Kedah","MY"
"06209","Kepala Batas","Kedah","MY"
"06250","Alor Setar","Kedah","MY"
"06300","Kuala Nerang","Kedah","MY"
"06350","Pokok Sena","Kedah","MY"
"06400","Pokok Sena","Kedah","MY"
"06500","Langgar","Kedah","MY"
"06507","Langgar","Kedah","MY"
"06509","Alor Setar","Kedah","MY"
"06550","Alor Setar","Kedah","MY"
"06570","Alor Setar","Kedah","MY"
"06600","Kuala Kedah","Kedah","MY"
"06650","Simpang Empat","Kedah","MY"
"06660","Alor Setar","Kedah","MY"
"06700","Pendang","Kedah","MY"
"06707","Pendang","Kedah","MY"
"06709","Pendang","Kedah","MY"
"06710","Pendang","Kedah","MY"
"06720","Pendang","Kedah","MY"
"06750","Pendang","Kedah","MY"
"06760","Pokok Sena","Kedah","MY"
"06800","Kota Sarang Semut","Kedah","MY"
"06900","Yan","Kedah","MY"
"06910","Yan","Kedah","MY"
"07000","Langkawi","Kedah","MY"
"07007","Langkawi","Kedah","MY"
"07009","Langkawi","Kedah","MY"
"08000","Sungai Petani","Kedah","MY"
"08007","Sungai Petani","Kedah","MY"
"08009","Sungai Petani","Kedah","MY"
"08010","Sungai Petani","Kedah","MY"
"08100","Bedong","Kedah","MY"
"08110","Bedong","Kedah","MY"
"08200","Sik","Kedah","MY"
"08210","Sik","Kedah","MY"
"08300","Gurun","Kedah","MY"
"08320","Jeniang","Kedah","MY"
"08330","Gurun","Kedah","MY"
"08340","Sik","Kedah","MY"
"08400","Merbok","Kedah","MY"
"08407","Merbok","Kedah","MY"
"08409","Merbok","Kedah","MY"
"08500","Kota Kuala Muda","Kedah","MY"
"08507","Kota Kuala Muda","Kedah","MY"
"08509","Kota Kuala Muda","Kedah","MY"
"08600","Sungai Petani","Kedah","MY"
"08700","Jeniang","Kedah","MY"
"08800","Gurun","Kedah","MY"
"09000","Kulim","Kedah","MY"
"09007","Kulim","Kedah","MY"
"09009","Kulim","Kedah","MY"
"09010","Kulim","Kedah","MY"
"09020","Kulim","Kedah","MY"
"09090","Kulim","Kedah","MY"
"09100","Baling","Kedah","MY"
"09110","Kuala Pegang","Kedah","MY"
"09120","Baling","Kedah","MY"
"09130","Baling","Kedah","MY"
"09200","Kupang","Kedah","MY"
"09300","Kuala Ketil","Kedah","MY"
"09310","Kuala Ketil","Kedah","MY"
"09400","Padang Serai","Kedah","MY"
"09410","Padang Serai","Kedah","MY"
"09600","Lunas","Kedah","MY"
"09700","Karangan","Kedah","MY"
"09800","Serdang","Kedah","MY"
"09810","Serdang","Kedah","MY"
"10000","Pulau Pinang","Pulau Pinang","MY"
"10050","Pulau Pinang","Pulau Pinang","MY"
"10100","Pulau Pinang","Pulau Pinang","MY"
"10150","Pulau Pinang","Pulau Pinang","MY"
"10200","Pulau Pinang","Pulau Pinang","MY"
"10250","Pulau Pinang","Pulau Pinang","MY"
"10300","Pulau Pinang","Pulau Pinang","MY"
"10350","Pulau Pinang","Pulau Pinang","MY"
"10400","Pulau Pinang","Pulau Pinang","MY"
"10450","Pulau Pinang","Pulau Pinang","MY"
"10460","Pulau Pinang","Pulau Pinang","MY"
"10470","Pulau Pinang","Pulau Pinang","MY"
"10500","Pulau Pinang","Pulau Pinang","MY"
"10502","Pulau Pinang","Pulau Pinang","MY"
"10503","Pulau Pinang","Pulau Pinang","MY"
"10504","Pulau Pinang","Pulau Pinang","MY"
"10505","Pulau Pinang","Pulau Pinang","MY"
"10506","Pulau Pinang","Pulau Pinang","MY"
"10508","Pulau Pinang","Pulau Pinang","MY"
"10512","Pulau Pinang","Pulau Pinang","MY"
"10514","Pulau Pinang","Pulau Pinang","MY"
"10516","Pulau Pinang","Pulau Pinang","MY"
"10518","Pulau Pinang","Pulau Pinang","MY"
"10524","Pulau Pinang","Pulau Pinang","MY"
"10534","Pulau Pinang","Pulau Pinang","MY"
"10538","Pulau Pinang","Pulau Pinang","MY"
"10540","Pulau Pinang","Pulau Pinang","MY"
"10542","Pulau Pinang","Pulau Pinang","MY"
"10546","Pulau Pinang","Pulau Pinang","MY"
"10550","Pulau Pinang","Pulau Pinang","MY"
"10551","Pulau Pinang","Pulau Pinang","MY"
"10552","Pulau Pinang","Pulau Pinang","MY"
"10558","Pulau Pinang","Pulau Pinang","MY"
"10560","Pulau Pinang","Pulau Pinang","MY"
"10564","Pulau Pinang","Pulau Pinang","MY"
"10566","Pulau Pinang","Pulau Pinang","MY"
"10570","Pulau Pinang","Pulau Pinang","MY"
"10576","Pulau Pinang","Pulau Pinang","MY"
"10578","Pulau Pinang","Pulau Pinang","MY"
"10582","Pulau Pinang","Pulau Pinang","MY"
"10590","Pulau Pinang","Pulau Pinang","MY"
"10592","Pulau Pinang","Pulau Pinang","MY"
"10593","Pulau Pinang","Pulau Pinang","MY"
"10594","Pulau Pinang","Pulau Pinang","MY"
"10596","Pulau Pinang","Pulau Pinang","MY"
"10600","Pulau Pinang","Pulau Pinang","MY"
"10604","Pulau Pinang","Pulau Pinang","MY"
"10609","Pulau Pinang","Pulau Pinang","MY"
"10610","Pulau Pinang","Pulau Pinang","MY"
"10612","Pulau Pinang","Pulau Pinang","MY"
"10620","Pulau Pinang","Pulau Pinang","MY"
"10622","Pulau Pinang","Pulau Pinang","MY"
"10626","Pulau Pinang","Pulau Pinang","MY"
"10628","Pulau Pinang","Pulau Pinang","MY"
"10634","Pulau Pinang","Pulau Pinang","MY"
"10646","Pulau Pinang","Pulau Pinang","MY"
"10648","Pulau Pinang","Pulau Pinang","MY"
"10660","Pulau Pinang","Pulau Pinang","MY"
"10661","Pulau Pinang","Pulau Pinang","MY"
"10662","Pulau Pinang","Pulau Pinang","MY"
"10670","Pulau Pinang","Pulau Pinang","MY"
"10672","Pulau Pinang","Pulau Pinang","MY"
"10673","Pulau Pinang","Pulau Pinang","MY"
"10674","Pulau Pinang","Pulau Pinang","MY"
"10676","Pulau Pinang","Pulau Pinang","MY"
"10690","Pulau Pinang","Pulau Pinang","MY"
"10710","Pulau Pinang","Pulau Pinang","MY"
"10720","Pulau Pinang","Pulau Pinang","MY"
"10730","Pulau Pinang","Pulau Pinang","MY"
"10740","Pulau Pinang","Pulau Pinang","MY"
"10750","Pulau Pinang","Pulau Pinang","MY"
"10760","Pulau Pinang","Pulau Pinang","MY"
"10770","Pulau Pinang","Pulau Pinang","MY"
"10780","Pulau Pinang","Pulau Pinang","MY"
"10790","Pulau Pinang","Pulau Pinang","MY"
"10800","Pulau Pinang","Pulau Pinang","MY"
"10810","Pulau Pinang","Pulau Pinang","MY"
"10820","Pulau Pinang","Pulau Pinang","MY"
"10830","Pulau Pinang","Pulau Pinang","MY"
"10840","Pulau Pinang","Pulau Pinang","MY"
"10850","Pulau Pinang","Pulau Pinang","MY"
"10910","Pulau Pinang","Pulau Pinang","MY"
"10920","Pulau Pinang","Pulau Pinang","MY"
"10990","Pulau Pinang","Pulau Pinang","MY"
"11000","Balik Pulau","Pulau Pinang","MY"
"11010","Balik Pulau","Pulau Pinang","MY"
"11020","Balik Pulau","Pulau Pinang","MY"
"11050","Pulau Pinang","Pulau Pinang","MY"
"11060","Pulau Pinang","Pulau Pinang","MY"
"11100","Batu Ferringhi","Pulau Pinang","MY"
"11200","Tanjong Bungah","Pulau Pinang","MY"
"11200","Tanjung Bungah","Pulau Pinang","MY"
"11300","Penang Hill","Pulau Pinang","MY"
"11400","Pulau Pinang","Pulau Pinang","MY"
"11409","Pulau Pinang","Pulau Pinang","MY"
"11500","Ayer Itam","Pulau Pinang","MY"
"11600","Jelutong","Pulau Pinang","MY"
"11609","Jelutong","Pulau Pinang","MY"
"11700","Gelugor","Pulau Pinang","MY"
"11800","USM Pulau Pinang","Pulau Pinang","MY"
"11900","Bayan Lepas","Pulau Pinang","MY"
"11910","Bayan Lepas","Pulau Pinang","MY"
"11920","Bayan Lepas","Pulau Pinang","MY"
"11950","Bayan Lepas","Pulau Pinang","MY"
"11960","Batu Maung","Pulau Pinang","MY"
"12000","Butterworth","Pulau Pinang","MY"
"12100","Butterworth","Pulau Pinang","MY"
"12200","Butterworth","Pulau Pinang","MY"
"12300","Butterworth","Pulau Pinang","MY"
"12700","Butterworth","Pulau Pinang","MY"
"12710","Butterworth","Pulau Pinang","MY"
"12720","Butterworth","Pulau Pinang","MY"
"12990","Butterworth","Pulau Pinang","MY"
"13000","Butterworth","Pulau Pinang","MY"
"13009","Butterworth","Pulau Pinang","MY"
"13020","Butterworth","Pulau Pinang","MY"
"13050","Butterworth","Pulau Pinang","MY"
"13100","Penaga","Pulau Pinang","MY"
"13110","Penaga","Pulau Pinang","MY"
"13200","Kepala Batas","Pulau Pinang","MY"
"13210","Kepala Batas","Pulau Pinang","MY"
"13220","Kepala Batas","Pulau Pinang","MY"
"13300","Tasek Gelugor","Pulau Pinang","MY"
"13300","Tasek Gelugur","Pulau Pinang","MY"
"13310","Tasek Gelugor","Pulau Pinang","MY"
"13400","Butterworth","Pulau Pinang","MY"
"13409","Butterworth","Pulau Pinang","MY"
"13500","Permatang Pauh","Pulau Pinang","MY"
"13600","Perai","Pulau Pinang","MY"
"13700","Perai","Pulau Pinang","MY"
"13800","Butterworth","Pulau Pinang","MY"
"14000","Bukit Mertajam","Pulau Pinang","MY"
"14007","Bukit Mertajam","Pulau Pinang","MY"
"14009","Bukit Mertajam","Pulau Pinang","MY"
"14020","Bukit Mertajam","Pulau Pinang","MY"
"14100","Simpang Ampat","Pulau Pinang","MY"
"14101","Simpang Ampat","Pulau Pinang","MY"
"14110","Simpang Ampat","Pulau Pinang","MY"
"14120","Simpang Ampat","Pulau Pinang","MY"
"14200","Sungai Jawi","Pulau Pinang","MY"
"14290","Bandar Baharu","Kedah","MY"
"14300","Nibong Tebal","Pulau Pinang","MY"
"14310","Nibong Tebal","Pulau Pinang","MY"
"14320","Nibong Tebal","Pulau Pinang","MY"
"14390","Bandar Baharu","Kedah","MY"
"14400","Kubang Semang","Pulau Pinang","MY"
"15000","Kota Bharu","Kelantan","MY"
"15050","Kota Bharu","Kelantan","MY"
"15100","Kota Bharu","Kelantan","MY"
"15150","Kota Bharu","Kelantan","MY"
"15159","Kota Bharu","Kelantan","MY"
"15200","Kota Bharu","Kelantan","MY"
"15300","Kota Bharu","Kelantan","MY"
"15350","Kota Bharu","Kelantan","MY"
"15400","Kota Bharu","Kelantan","MY"
"15500","Kota Bharu","Kelantan","MY"
"15502","Kota Bharu","Kelantan","MY"
"15503","Kota Bharu","Kelantan","MY"
"15504","Kota Bharu","Kelantan","MY"
"15505","Kota Bharu","Kelantan","MY"
"15506","Kota Bharu","Kelantan","MY"
"15508","Kota Bharu","Kelantan","MY"
"15512","Kota Bharu","Kelantan","MY"
"15514","Kota Bharu","Kelantan","MY"
"15516","Kota Bharu","Kelantan","MY"
"15517","Kota Bharu","Kelantan","MY"
"15518","Kota Bharu","Kelantan","MY"
"15519","Kota Bharu","Kelantan","MY"
"15520","Kota Bharu","Kelantan","MY"
"15524","Kota Bharu","Kelantan","MY"
"15529","Kota Bharu","Kelantan","MY"
"15532","Kota Bharu","Kelantan","MY"
"15534","Kota Bharu","Kelantan","MY"
"15536","Kota Bharu","Kelantan","MY"
"15538","Kota Bharu","Kelantan","MY"
"15540","Kota Bharu","Kelantan","MY"
"15546","Kota Bharu","Kelantan","MY"
"15548","Kota Bharu","Kelantan","MY"
"15550","Kota Bharu","Kelantan","MY"
"15551","Kota Bharu","Kelantan","MY"
"15556","Kota Bharu","Kelantan","MY"
"15558","Kota Bharu","Kelantan","MY"
"15560","Kota Bharu","Kelantan","MY"
"15564","Kota Bharu","Kelantan","MY"
"15570","Kota Bharu","Kelantan","MY"
"15572","Kota Bharu","Kelantan","MY"
"15576","Kota Bharu","Kelantan","MY"
"15578","Kota Bharu","Kelantan","MY"
"15582","Kota Bharu","Kelantan","MY"
"15586","Kota Bharu","Kelantan","MY"
"15590","Kota Bharu","Kelantan","MY"
"15592","Kota Bharu","Kelantan","MY"
"15594","Kota Bharu","Kelantan","MY"
"15596","Kota Bharu","Kelantan","MY"
"15600","Kota Bharu","Kelantan","MY"
"15604","Kota Bharu","Kelantan","MY"
"15608","Kota Bharu","Kelantan","MY"
"15609","Kota Bharu","Kelantan","MY"
"15612","Kota Bharu","Kelantan","MY"
"15614","Kota Bharu","Kelantan","MY"
"15616","Kota Bharu","Kelantan","MY"
"15622","Kota Bharu","Kelantan","MY"
"15623","Kota Bharu","Kelantan","MY"
"15626","Kota Bharu","Kelantan","MY"
"15628","Kota Bharu","Kelantan","MY"
"15630","Kota Bharu","Kelantan","MY"
"15632","Kota Bharu","Kelantan","MY"
"15634","Kota Bharu","Kelantan","MY"
"15644","Kota Bharu","Kelantan","MY"
"15646","Kota Bharu","Kelantan","MY"
"15648","Kota Bharu","Kelantan","MY"
"15658","Kota Bharu","Kelantan","MY"
"15660","Kota Bharu","Kelantan","MY"
"15661","Kota Bharu","Kelantan","MY"
"15664","Kota Bharu","Kelantan","MY"
"15670","Kota Bharu","Kelantan","MY"
"15672","Kota Bharu","Kelantan","MY"
"15673","Kota Bharu","Kelantan","MY"
"15674","Kota Bharu","Kelantan","MY"
"15676","Kota Bharu","Kelantan","MY"
"15680","Kota Bharu","Kelantan","MY"
"15690","Kota Bharu","Kelantan","MY"
"15710","Kota Bharu","Kelantan","MY"
"15720","Kota Bharu","Kelantan","MY"
"15730","Kota Bharu","Kelantan","MY"
"15740","Kota Bharu","Kelantan","MY"
"15988","Kota Bharu","Kelantan","MY"
"15990","Kota Bharu","Kelantan","MY"
"16010","Kota Bharu","Kelantan","MY"
"16020","Bachok","Kelantan","MY"
"16030","Bachok","Kelantan","MY"
"16040","Wakaf Bharu","Kelantan","MY"
"16050","Bachok","Kelantan","MY"
"16060","Bachok","Kelantan","MY"
"16070","Bachok","Kelantan","MY"
"16080","Tumpat","Kelantan","MY"
"16090","Bachok","Kelantan","MY"
"16100","Kota Bharu","Kelantan","MY"
"16109","Kota Bharu","Kelantan","MY"
"16150","Kota Bharu","Kelantan","MY"
"16200","Tumpat","Kelantan","MY"
"16210","Tumpat","Kelantan","MY"
"16250","Wakaf Bharu","Kelantan","MY"
"16300","Bachok","Kelantan","MY"
"16310","Bachok","Kelantan","MY"
"16320","Bachok","Kelantan","MY"
"16400","Melor","Kelantan","MY"
"16450","Ketereh","Kelantan","MY"
"16500","Kem Desa Pahlawan","Kelantan","MY"
"16600","Pulai Chondong","Kelantan","MY"
"16700","Cherang Ruku","Kelantan","MY"
"16800","Pasir Puteh","Kelantan","MY"
"16810","Selising","Kelantan","MY"
"17000","Pasir Mas","Kelantan","MY"
"17007","Pasir Mas","Kelantan","MY"
"17009","Pasir Mas","Kelantan","MY"
"17010","Pasir Mas","Kelantan","MY"
"17020","Pasir Mas","Kelantan","MY"
"17030","Pasir Mas","Kelantan","MY"
"17040","Pasir Mas","Kelantan","MY"
"17050","Pasir Mas","Kelantan","MY"
"17060","Pasir Mas","Kelantan","MY"
"17070","Pasir Mas","Kelantan","MY"
"17200","Rantau Panjang","Kelantan","MY"
"17500","Tanah Merah","Kelantan","MY"
"17507","Tanah Merah","Kelantan","MY"
"17509","Tanah Merah","Kelantan","MY"
"17510","Tanah Merah","Kelantan","MY"
"17600","Jeli","Kelantan","MY"
"17610","Kuala Balah","Kelantan","MY"
"17700","Ayer Lanas","Kelantan","MY"
"18000","Kuala Krai","Kelantan","MY"
"18050","Kuala Krai","Kelantan","MY"
"18200","Dabong","Kelantan","MY"
"18300","Gua Musang","Kelantan","MY"
"18400","Temangan","Kelantan","MY"
"18500","Machang","Kelantan","MY"
"20000","Kuala Terengganu","Terengganu","MY"
"20050","Kuala Terengganu","Terengganu","MY"
"20100","Kuala Terengganu","Terengganu","MY"
"20200","Kuala Terengganu","Terengganu","MY"
"20300","Kuala Terengganu","Terengganu","MY"
"20400","Kuala Terengganu","Terengganu","MY"
"20500","Kuala Terengganu","Terengganu","MY"
"20502","Kuala Terengganu","Terengganu","MY"
"20503","Kuala Terengganu","Terengganu","MY"
"20504","Kuala Terengganu","Terengganu","MY"
"20505","Kuala Terengganu","Terengganu","MY"
"20506","Kuala Terengganu","Terengganu","MY"
"20508","Kuala Terengganu","Terengganu","MY"
"20512","Kuala Terengganu","Terengganu","MY"
"20514","Kuala Terengganu","Terengganu","MY"
"20516","Kuala Terengganu","Terengganu","MY"
"20517","Kuala Terengganu","Terengganu","MY"
"20518","Kuala Terengganu","Terengganu","MY"
"20519","Kuala Terengganu","Terengganu","MY"
"20520","Kuala Terengganu","Terengganu","MY"
"20532","Kuala Terengganu","Terengganu","MY"
"20534","Kuala Terengganu","Terengganu","MY"
"20536","Kuala Terengganu","Terengganu","MY"
"20538","Kuala Terengganu","Terengganu","MY"
"20540","Kuala Terengganu","Terengganu","MY"
"20542","Kuala Terengganu","Terengganu","MY"
"20546","Kuala Terengganu","Terengganu","MY"
"20548","Kuala Terengganu","Terengganu","MY"
"20550","Kuala Terengganu","Terengganu","MY"
"20551","Kuala Terengganu","Terengganu","MY"
"20552","Kuala Terengganu","Terengganu","MY"
"20554","Kuala Terengganu","Terengganu","MY"
"20556","Kuala Terengganu","Terengganu","MY"
"20560","Kuala Terengganu","Terengganu","MY"
"20564","Kuala Terengganu","Terengganu","MY"
"20566","Kuala Terengganu","Terengganu","MY"
"20568","Kuala Terengganu","Terengganu","MY"
"20570","Kuala Terengganu","Terengganu","MY"
"20572","Kuala Terengganu","Terengganu","MY"
"20576","Kuala Terengganu","Terengganu","MY"
"20578","Kuala Terengganu","Terengganu","MY"
"20582","Kuala Terengganu","Terengganu","MY"
"20586","Kuala Terengganu","Terengganu","MY"
"20590","Kuala Terengganu","Terengganu","MY"
"20592","Kuala Terengganu","Terengganu","MY"
"20596","Kuala Terengganu","Terengganu","MY"
"20600","Kuala Terengganu","Terengganu","MY"
"20604","Kuala Terengganu","Terengganu","MY"
"20606","Kuala Terengganu","Terengganu","MY"
"20608","Kuala Terengganu","Terengganu","MY"
"20609","Kuala Terengganu","Terengganu","MY"
"20610","Kuala Terengganu","Terengganu","MY"
"20612","Kuala Terengganu","Terengganu","MY"
"20614","Kuala Terengganu","Terengganu","MY"
"20618","Kuala Terengganu","Terengganu","MY"
"20620","Kuala Terengganu","Terengganu","MY"
"20622","Kuala Terengganu","Terengganu","MY"
"20626","Kuala Terengganu","Terengganu","MY"
"20628","Kuala Terengganu","Terengganu","MY"
"20630","Kuala Terengganu","Terengganu","MY"
"20632","Kuala Terengganu","Terengganu","MY"
"20646","Kuala Terengganu","Terengganu","MY"
"20648","Kuala Terengganu","Terengganu","MY"
"20656","Kuala Terengganu","Terengganu","MY"
"20658","Kuala Terengganu","Terengganu","MY"
"20660","Kuala Terengganu","Terengganu","MY"
"20661","Kuala Terengganu","Terengganu","MY"
"20662","Kuala Terengganu","Terengganu","MY"
"20664","Kuala Terengganu","Terengganu","MY"
"20668","Kuala Terengganu","Terengganu","MY"
"20670","Kuala Terengganu","Terengganu","MY"
"20672","Kuala Terengganu","Terengganu","MY"
"20673","Kuala Terengganu","Terengganu","MY"
"20674","Kuala Terengganu","Terengganu","MY"
"20676","Kuala Terengganu","Terengganu","MY"
"20680","Kuala Terengganu","Terengganu","MY"
"20690","Kuala Terengganu","Terengganu","MY"
"20698","Kuala Terengganu","Terengganu","MY"
"20700","Kuala Terengganu","Terengganu","MY"
"20710","Kuala Terengganu","Terengganu","MY"
"20720","Kuala Terengganu","Terengganu","MY"
"20900","Kuala Terengganu","Terengganu","MY"
"20902","Kuala Terengganu","Terengganu","MY"
"20904","Kuala Terengganu","Terengganu","MY"
"20906","Kuala Terengganu","Terengganu","MY"
"20908","Kuala Terengganu","Terengganu","MY"
"20910","Kuala Terengganu","Terengganu","MY"
"20912","Kuala Terengganu","Terengganu","MY"
"20914","Kuala Terengganu","Terengganu","MY"
"20916","Kuala Terengganu","Terengganu","MY"
"20918","Kuala Terengganu","Terengganu","MY"
"20920","Kuala Terengganu","Terengganu","MY"
"20922","Kuala Terengganu","Terengganu","MY"
"20924","Kuala Terengganu","Terengganu","MY"
"20926","Kuala Terengganu","Terengganu","MY"
"20928","Kuala Terengganu","Terengganu","MY"
"20930","Kuala Terengganu","Terengganu","MY"
"20990","Kuala Terengganu","Terengganu","MY"
"21000","Kuala Terengganu","Terengganu","MY"
"21009","Kuala Terengganu","Terengganu","MY"
"21010","Kuala Terengganu","Terengganu","MY"
"21020","Kuala Terengganu","Terengganu","MY"
"21030","Kuala Terengganu","Terengganu","MY"
"21040","Kuala Terengganu","Terengganu","MY"
"21060","Kuala Terengganu","Terengganu","MY"
"21070","Kuala Terengganu","Terengganu","MY"
"21080","Kuala Terengganu","Terengganu","MY"
"21090","Kuala Terengganu","Terengganu","MY"
"21100","Kuala Terengganu","Terengganu","MY"
"21109","Kuala Terengganu","Terengganu","MY"
"21200","Kuala Terengganu","Terengganu","MY"
"21209","Kuala Terengganu","Terengganu","MY"
"21210","Kuala Terengganu","Terengganu","MY"
"21220","Kuala Terengganu","Terengganu","MY"
"21300","Kuala Terengganu","Terengganu","MY"
"21309","Kuala Terengganu","Terengganu","MY"
"21400","Bukit Payong","Terengganu","MY"
"21450","Chalok","Terengganu","MY"
"21500","Sungai Tong","Terengganu","MY"
"21600","Marang","Terengganu","MY"
"21610","Marang","Terengganu","MY"
"21700","Kuala Berang","Terengganu","MY"
"21800","Ajil","Terengganu","MY"
"21810","Ajil","Terengganu","MY"
"21820","Ajil","Terengganu","MY"
"22000","Jerteh","Terengganu","MY"
"22010","Jerteh","Terengganu","MY"
"22020","Jerteh","Terengganu","MY"
"22100","Permaisuri","Terengganu","MY"
"22107","Permaisuri","Terengganu","MY"
"22109","Permaisuri","Terengganu","MY"
"22110","Permaisuri","Terengganu","MY"
"22120","Permaisuri","Terengganu","MY"
"22200","Kampung Raja","Terengganu","MY"
"22300","Kuala Besut","Terengganu","MY"
"22307","Kuala Besut","Terengganu","MY"
"22309","Kuala Besut","Terengganu","MY"
"23000","Dungun","Terengganu","MY"
"23007","Dungun","Terengganu","MY"
"23009","Dungun","Terengganu","MY"
"23050","Dungun","Terengganu","MY"
"23100","Paka","Terengganu","MY"
"23200","Bukit Besi","Terengganu","MY"
"23300","Ketengah Jaya","Terengganu","MY"
"23400","Al Muktatfi Billah Shah","Terengganu","MY"
"24000","Cukai","Terengganu","MY"
"24007","Cukai","Terengganu","MY"
"24009","Cukai","Terengganu","MY"
"24050","Ayer Puteh","Terengganu","MY"
"24060","Ceneh","Terengganu","MY"
"24100","Kijal","Terengganu","MY"
"24107","Kijal","Terengganu","MY"
"24109","Kijal","Terengganu","MY"
"24200","Kemasek","Terengganu","MY"
"24207","Kemasek","Terengganu","MY"
"24209","Kemasek","Terengganu","MY"
"24300","Kerteh","Terengganu","MY"
"25000","Kuantan","Pahang","MY"
"25050","Kuantan","Pahang","MY"
"25100","Kuantan","Pahang","MY"
"25150","Kuantan","Pahang","MY"
"25200","Kuantan","Pahang","MY"
"25250","Kuantan","Pahang","MY"
"25300","Kuantan","Pahang","MY"
"25350","Kuantan","Pahang","MY"
"25500","Kuantan","Pahang","MY"
"25502","Kuantan","Pahang","MY"
"25503","Kuantan","Pahang","MY"
"25504","Kuantan","Pahang","MY"
"25505","Kuantan","Pahang","MY"
"25506","Kuantan","Pahang","MY"
"25508","Kuantan","Pahang","MY"
"25509","Kuantan","Pahang","MY"
"25512","Kuantan","Pahang","MY"
"25514","Kuantan","Pahang","MY"
"25516","Kuantan","Pahang","MY"
"25517","Kuantan","Pahang","MY"
"25518","Kuantan","Pahang","MY"
"25520","Kuantan","Pahang","MY"
"25524","Kuantan","Pahang","MY"
"25529","Kuantan","Pahang","MY"
"25532","Kuantan","Pahang","MY"
"25534","Kuantan","Pahang","MY"
"25536","Kuantan","Pahang","MY"
"25538","Kuantan","Pahang","MY"
"25540","Kuantan","Pahang","MY"
"25546","Kuantan","Pahang","MY"
"25548","Kuantan","Pahang","MY"
"25550","Kuantan","Pahang","MY"
"25551","Kuantan","Pahang","MY"
"25552","Kuantan","Pahang","MY"
"25556","Kuantan","Pahang","MY"
"25558","Kuantan","Pahang","MY"
"25560","Kuantan","Pahang","MY"
"25564","Kuantan","Pahang","MY"
"25570","Kuantan","Pahang","MY"
"25576","Kuantan","Pahang","MY"
"25578","Kuantan","Pahang","MY"
"25582","Kuantan","Pahang","MY"
"25584","Kuantan","Pahang","MY"
"25586","Kuantan","Pahang","MY"
"25590","Kuantan","Pahang","MY"
"25592","Kuantan","Pahang","MY"
"25594","Kuantan","Pahang","MY"
"25596","Kuantan","Pahang","MY"
"25598","Kuantan","Pahang","MY"
"25600","Kuantan","Pahang","MY"
"25604","Kuantan","Pahang","MY"
"25606","Kuantan","Pahang","MY"
"25608","Kuantan","Pahang","MY"
"25609","Kuantan","Pahang","MY"
"25610","Kuantan","Pahang","MY"
"25612","Kuantan","Pahang","MY"
"25614","Kuantan","Pahang","MY"
"25620","Kuantan","Pahang","MY"
"25622","Kuantan","Pahang","MY"
"25626","Kuantan","Pahang","MY"
"25628","Kuantan","Pahang","MY"
"25630","Kuantan","Pahang","MY"
"25632","Kuantan","Pahang","MY"
"25644","Kuantan","Pahang","MY"
"25646","Kuantan","Pahang","MY"
"25648","Kuantan","Pahang","MY"
"25656","Kuantan","Pahang","MY"
"25660","Kuantan","Pahang","MY"
"25661","Kuantan","Pahang","MY"
"25662","Kuantan","Pahang","MY"
"25670","Kuantan","Pahang","MY"
"25672","Kuantan","Pahang","MY"
"25673","Kuantan","Pahang","MY"
"25674","Kuantan","Pahang","MY"
"25676","Kuantan","Pahang","MY"
"25690","Kuantan","Pahang","MY"
"25700","Kuantan","Pahang","MY"
"25710","Kuantan","Pahang","MY"
"25720","Kuantan","Pahang","MY"
"25730","Kuantan","Pahang","MY"
"25740","Kuantan","Pahang","MY"
"25750","Kuantan","Pahang","MY"
"25990","Kuantan","Pahang","MY"
"26010","Kuantan","Pahang","MY"
"26040","Kuantan","Pahang","MY"
"26050","Bukit Goh","Pahang","MY"
"26060","Kuantan","Pahang","MY"
"26070","Kuantan","Pahang","MY"
"26080","Kuantan","Pahang","MY"
"26090","Bukit Goh","Pahang","MY"
"26100","Kuantan","Pahang","MY"
"26140","Kuantan","Pahang","MY"
"26150","Balok","Pahang","MY"
"26180","Bukit Kuin","Pahang","MY"
"26190","Balok","Pahang","MY"
"26200","Sungai Lembing","Pahang","MY"
"26250","Kuantan","Pahang","MY"
"26300","Gambang","Pahang","MY"
"26310","Gambang","Pahang","MY"
"26320","Gambang","Pahang","MY"
"26330","Gambang","Pahang","MY"
"26340","Gambang","Pahang","MY"
"26350","Gambang","Pahang","MY"
"26360","Gambang","Pahang","MY"
"26370","Gambang","Pahang","MY"
"26400","Bandar Pusat  Jengka","Pahang","MY"
"26400","Bandar Pusat Jengka","Pahang","MY"
"26410","Bandar Pusat  Jengka","Pahang","MY"
"26420","Bandar Pusat  Jengka","Pahang","MY"
"26430","Bandar Pusat  Jengka","Pahang","MY"
"26430","Bandar Pusat Jengka","Pahang","MY"
"26440","Bandar Pusat  Jengka","Pahang","MY"
"26450","Bandar Pusat  Jengka","Pahang","MY"
"26460","Bandar Pusat  Jengka","Pahang","MY"
"26485","Bandar Pusat  Jengka","Pahang","MY"
"26490","Bandar Pusat  Jengka","Pahang","MY"
"26500","Maran","Pahang","MY"
"26600","Pekan","Pahang","MY"
"26607","Pekan","Pahang","MY"
"26609","Pekan","Pahang","MY"
"26610","Pekan","Pahang","MY"
"26620","Pekan","Pahang","MY"
"26630","Pekan","Pahang","MY"
"26640","Pekan","Pahang","MY"
"26650","Pekan","Pahang","MY"
"26660","Pekan","Pahang","MY"
"26680","Pekan","Pahang","MY"
"26690","Chini","Pahang","MY"
"26700","Muadzam Shah","Pahang","MY"
"26800","Kuala Rompin","Pahang","MY"
"26810","Kuala Rompin","Pahang","MY"
"26820","Kuala Rompin","Pahang","MY"
"26900","Bandar Tun Abdul Razak","Pahang","MY"
"27000","Jerantut","Pahang","MY"
"27010","Jerantut","Pahang","MY"
"27020","Jerantut","Pahang","MY"
"27030","Damak","Pahang","MY"
"27040","Jerantut","Pahang","MY"
"27050","Jerantut","Pahang","MY"
"27060","Jerantut","Pahang","MY"
"27070","Jerantut","Pahang","MY"
"27090","Jerantut","Pahang","MY"
"27100","Padang Tengku","Pahang","MY"
"27150","Jerantut","Pahang","MY"
"27200","Kuala Lipis","Pahang","MY"
"27207","Kuala Lipis","Pahang","MY"
"27209","Kuala Lipis","Pahang","MY"
"27210","Kuala Lipis","Pahang","MY"
"27300","Benta","Pahang","MY"
"27310","Benta","Pahang","MY"
"27400","Dong","Pahang","MY"
"27600","Raub","Pahang","MY"
"27607","Raub","Pahang","MY"
"27609","Raub","Pahang","MY"
"27610","Raub","Pahang","MY"
"27620","Raub","Pahang","MY"
"27630","Raub","Pahang","MY"
"27650","Sungai Koyan","Pahang","MY"
"27660","Sega","Pahang","MY"
"27670","Raub","Pahang","MY"
"28000","Temerloh","Pahang","MY"
"28007","Temerloh","Pahang","MY"
"28009","Temerloh","Pahang","MY"
"28010","Temerloh","Pahang","MY"
"28020","Temerloh","Pahang","MY"
"28030","Temerloh","Pahang","MY"
"28040","Temerloh","Pahang","MY"
"28050","Kuala Krau","Pahang","MY"
"28100","Chenor","Pahang","MY"
"28200","Bandar Bera","Pahang","MY"
"28300","Triang","Pahang","MY"
"28310","Triang","Pahang","MY"
"28320","Triang","Pahang","MY"
"28330","Triang","Pahang","MY"
"28340","Kemayan","Pahang","MY"
"28380","Kemayan","Pahang","MY"
"28400","Mentakab","Pahang","MY"
"28407","Mentakab","Pahang","MY"
"28409","Mentakab","Pahang","MY"
"28500","Lanchang","Pahang","MY"
"28600","Karak","Pahang","MY"
"28610","Karak","Pahang","MY"
"28620","Karak","Pahang","MY"
"28700","Bentong","Pahang","MY"
"28707","Bentong","Pahang","MY"
"28709","Bentong","Pahang","MY"
"28730","Bentong","Pahang","MY"
"28740","Bentong","Pahang","MY"
"28750","Bentong","Pahang","MY"
"28800","Lurah Bilut","Pahang","MY"
"30000","Ipoh","Perak","MY"
"30010","Ipoh","Perak","MY"
"30020","Ipoh","Perak","MY"
"30100","Ipoh","Perak","MY"
"30200","Ipoh","Perak","MY"
"30250","Ipoh","Perak","MY"
"30300","Ipoh","Perak","MY"
"30350","Ipoh","Perak","MY"
"30450","Ipoh","Perak","MY"
"30500","Ipoh","Perak","MY"
"30502","Ipoh","Perak","MY"
"30503","Ipoh","Perak","MY"
"30504","Ipoh","Perak","MY"
"30505","Ipoh","Perak","MY"
"30506","Ipoh","Perak","MY"
"30508","Ipoh","Perak","MY"
"30510","Ipoh","Perak","MY"
"30512","Ipoh","Perak","MY"
"30516","Ipoh","Perak","MY"
"30517","Ipoh","Perak","MY"
"30518","Ipoh","Perak","MY"
"30519","Ipoh","Perak","MY"
"30520","Ipoh","Perak","MY"
"30524","Ipoh","Perak","MY"
"30532","Ipoh","Perak","MY"
"30534","Ipoh","Perak","MY"
"30536","Ipoh","Perak","MY"
"30540","Ipoh","Perak","MY"
"30542","Ipoh","Perak","MY"
"30546","Ipoh","Perak","MY"
"30548","Ipoh","Perak","MY"
"30550","Ipoh","Perak","MY"
"30551","Ipoh","Perak","MY"
"30552","Ipoh","Perak","MY"
"30554","Ipoh","Perak","MY"
"30556","Ipoh","Perak","MY"
"30560","Ipoh","Perak","MY"
"30564","Ipoh","Perak","MY"
"30570","Ipoh","Perak","MY"
"30576","Ipoh","Perak","MY"
"30580","Ipoh","Perak","MY"
"30582","Ipoh","Perak","MY"
"30586","Ipoh","Perak","MY"
"30590","Ipoh","Perak","MY"
"30592","Ipoh","Perak","MY"
"30594","Ipoh","Perak","MY"
"30596","Ipoh","Perak","MY"
"30600","Ipoh","Perak","MY"
"30604","Ipoh","Perak","MY"
"30606","Ipoh","Perak","MY"
"30609","Ipoh","Perak","MY"
"30610","Ipoh","Perak","MY"
"30612","Ipoh","Perak","MY"
"30614","Ipoh","Perak","MY"
"30620","Ipoh","Perak","MY"
"30621","Ipoh","Perak","MY"
"30622","Ipoh","Perak","MY"
"30626","Ipoh","Perak","MY"
"30628","Ipoh","Perak","MY"
"30630","Ipoh","Perak","MY"
"30632","Ipoh","Perak","MY"
"30634","Ipoh","Perak","MY"
"30644","Ipoh","Perak","MY"
"30646","Ipoh","Perak","MY"
"30648","Ipoh","Perak","MY"
"30656","Ipoh","Perak","MY"
"30658","Ipoh","Perak","MY"
"30660","Ipoh","Perak","MY"
"30661","Ipoh","Perak","MY"
"30662","Ipoh","Perak","MY"
"30664","Ipoh","Perak","MY"
"30668","Ipoh","Perak","MY"
"30670","Ipoh","Perak","MY"
"30673","Ipoh","Perak","MY"
"30674","Ipoh","Perak","MY"
"30676","Ipoh","Perak","MY"
"30682","Ipoh","Perak","MY"
"30690","Ipoh","Perak","MY"
"30700","Ipoh","Perak","MY"
"30710","Ipoh","Perak","MY"
"30720","Ipoh","Perak","MY"
"30730","Ipoh","Perak","MY"
"30740","Ipoh","Perak","MY"
"30750","Ipoh","Perak","MY"
"30760","Ipoh","Perak","MY"
"30770","Ipoh","Perak","MY"
"30780","Ipoh","Perak","MY"
"30790","Ipoh","Perak","MY"
"30800","Ipoh","Perak","MY"
"30810","Ipoh","Perak","MY"
"30820","Ipoh","Perak","MY"
"30830","Ipoh","Perak","MY"
"30840","Ipoh","Perak","MY"
"30900","Ipoh","Perak","MY"
"30902","Ipoh","Perak","MY"
"30904","Ipoh","Perak","MY"
"30906","Ipoh","Perak","MY"
"30908","Ipoh","Perak","MY"
"30910","Ipoh","Perak","MY"
"30912","Ipoh","Perak","MY"
"30988","Ipoh","Perak","MY"
"30990","Ipoh","Perak","MY"
"31000","Batu Gajah","Perak","MY"
"31007","Batu Gajah","Perak","MY"
"31009","Batu Gajah","Perak","MY"
"31050","Sungai Siput","Perak","MY"
"31100","Sungai Siput","Perak","MY"
"31150","Ulu Kinta","Perak","MY"
"31200","Chemor","Perak","MY"
"31250","Tanjong Rambutan","Perak","MY"
"31300","Kampung Kepayang","Perak","MY"
"31350","Ipoh","Perak","MY"
"31400","Ipoh","Perak","MY"
"31407","Ipoh","Perak","MY"
"31409","Ipoh","Perak","MY"
"31450","Ipoh","Perak","MY"
"31500","Ipoh","Perak","MY"
"31550","Pusing","Perak","MY"
"31560","Pusing","Perak","MY"
"31600","Gopeng","Perak","MY"
"31610","Gopeng","Perak","MY"
"31650","Ipoh","Perak","MY"
"31700","Malim Nawar","Perak","MY"
"31750","Tronoh","Perak","MY"
"31800","Tanjong Tualang","Perak","MY"
"31850","Jeram","Perak","MY"
"31900","Kampar","Perak","MY"
"31907","Kampar","Perak","MY"
"31909","Kampar","Perak","MY"
"31910","Kampar","Perak","MY"
"31920","Kampar","Perak","MY"
"31950","Kampar","Perak","MY"
"32000","Sitiawan","Perak","MY"
"32040","Seri Manjong","Perak","MY"
"32040","Seri Manjung","Perak","MY"
"32100","TLDM Lumut","Perak","MY"
"32200","Lumut","Perak","MY"
"32300","Pangkor","Perak","MY"
"32400","Ayer Tawar","Perak","MY"
"32500","Changkat Keruing","Perak","MY"
"32600","Bota","Perak","MY"
"32610","Bandar Seri Iskandar","Perak","MY"
"32700","Bruas","Perak","MY"
"32800","Parit","Perak","MY"
"32900","Lambor Kanan","Perak","MY"
"33000","Kuala Kangsar","Perak","MY"
"33007","Kuala Kangsar","Perak","MY"
"33009","Kuala Kangsar","Perak","MY"
"33010","Kuala Kangsar","Perak","MY"
"33020","Kuala Kangsar","Perak","MY"
"33030","Kuala Kangsar","Perak","MY"
"33040","Kuala Kangsar","Perak","MY"
"33100","Pengkalan Hulu","Perak","MY"
"33200","Intan","Perak","MY"
"33300","Gerik","Perak","MY"
"33310","Gerik","Perak","MY"
"33320","Gerik","Perak","MY"
"33400","Lenggong","Perak","MY"
"33410","Lenggong","Perak","MY"
"33420","Lenggong","Perak","MY"
"33500","Sauk","Perak","MY"
"33600","Enggor","Perak","MY"
"33700","Padang Rengas","Perak","MY"
"33800","Manong","Perak","MY"
"34000","Taiping","Perak","MY"
"34007","Taiping","Perak","MY"
"34008","Taiping","Perak","MY"
"34009","Taiping","Perak","MY"
"34010","Taiping","Perak","MY"
"34020","Taiping","Perak","MY"
"34030","Taiping","Perak","MY"
"34100","Selama","Perak","MY"
"34120","Selama","Perak","MY"
"34130","Selama","Perak","MY"
"34140","Rantau Panjang","Perak","MY"
"34200","Parit Buntar","Perak","MY"
"34250","Tanjong Piandang","Perak","MY"
"34300","Bagan Serai","Perak","MY"
"34310","Bagan Serai","Perak","MY"
"34350","Kuala Kurau","Perak","MY"
"34400","Simpang Ampat Semanggol","Perak","MY"
"34500","Batu Kurau","Perak","MY"
"34510","Batu Kurau","Perak","MY"
"34520","Batu Kurau","Perak","MY"
"34600","Kamunting","Perak","MY"
"34650","Kuala Sepetang","Perak","MY"
"34700","Simpang","Perak","MY"
"34750","Matang","Perak","MY"
"34800","Trong","Perak","MY"
"34850","Changkat Jering","Perak","MY"
"34900","Pantai Remis","Perak","MY"
"34950","Bandar Baharu","Kedah","MY"
"35000","Tapah","Perak","MY"
"35007","Tapah","Perak","MY"
"35009","Tapah","Perak","MY"
"35300","Chenderiang","Perak","MY"
"35350","Temoh","Perak","MY"
"35400","Tapah Road","Perak","MY"
"35500","Bidor","Perak","MY"
"35600","Sungkai","Perak","MY"
"35700","Trolak","Perak","MY"
"35800","Slim River","Perak","MY"
"35820","Slim River","Perak","MY"
"35900","Tanjong Malim","Perak","MY"
"35907","Tanjong Malim","Perak","MY"
"35909","Tanjong Malim","Perak","MY"
"35910","Tanjong Malim","Perak","MY"
"35950","Behrang Stesen","Perak","MY"
"36000","Teluk Intan","Perak","MY"
"36007","Teluk Intan","Perak","MY"
"36008","Teluk Intan","Perak","MY"
"36009","Teluk Intan","Perak","MY"
"36010","Teluk Intan","Perak","MY"
"36020","Teluk Intan","Perak","MY"
"36030","Teluk Intan","Perak","MY"
"36100","Bagan Datoh","Perak","MY"
"36110","Teluk Intan","Perak","MY"
"36200","Selekoh","Perak","MY"
"36207","Selekoh","Perak","MY"
"36209","Selekoh","Perak","MY"
"36300","Sungai Sumun","Perak","MY"
"36307","Sungai Sumun","Perak","MY"
"36309","Sungai Sumun","Perak","MY"
"36400","Hutan Melintang","Perak","MY"
"36500","Ulu Bernam","Perak","MY"
"36600","Chenderong Balai","Perak","MY"
"36700","Langkap","Perak","MY"
"36750","Chikus","Perak","MY"
"36800","Kampung Gajah","Perak","MY"
"36810","Kampung Gajah","Perak","MY"
"39000","Tanah Rata","Pahang","MY"
"39007","Tanah Rata","Pahang","MY"
"39009","Tanah Rata","Pahang","MY"
"39010","Tanah Rata","Pahang","MY"
"39100","Brinchang","Pahang","MY"
"39200","Ringlet","Pahang","MY"
"40000","Shah Alam","Selangor","MY"
"40100","Shah Alam","Selangor","MY"
"40150","Shah Alam","Selangor","MY"
"40160","Shah Alam","Selangor","MY"
"40170","Shah Alam","Selangor","MY"
"40200","Shah Alam","Selangor","MY"
"40300","Shah Alam","Selangor","MY"
"40400","Shah Alam","Selangor","MY"
"40450","Shah Alam","Selangor","MY"
"40460","Shah Alam","Selangor","MY"
"40470","Shah Alam","Selangor","MY"
"40500","Shah Alam","Selangor","MY"
"40502","Shah Alam","Selangor","MY"
"40503","Shah Alam","Selangor","MY"
"40505","Shah Alam","Selangor","MY"
"40512","Shah Alam","Selangor","MY"
"40517","Shah Alam","Selangor","MY"
"40520","Shah Alam","Selangor","MY"
"40529","Shah Alam","Selangor","MY"
"40542","Shah Alam","Selangor","MY"
"40548","Shah Alam","Selangor","MY"
"40550","Shah Alam","Selangor","MY"
"40551","Shah Alam","Selangor","MY"
"40560","Shah Alam","Selangor","MY"
"40564","Shah Alam","Selangor","MY"
"40570","Shah Alam","Selangor","MY"
"40572","Shah Alam","Selangor","MY"
"40576","Shah Alam","Selangor","MY"
"40578","Shah Alam","Selangor","MY"
"40582","Shah Alam","Selangor","MY"
"40590","Shah Alam","Selangor","MY"
"40592","Shah Alam","Selangor","MY"
"40594","Shah Alam","Selangor","MY"
"40596","Shah Alam","Selangor","MY"
"40598","Shah Alam","Selangor","MY"
"40604","Shah Alam","Selangor","MY"
"40607","Shah Alam","Selangor","MY"
"40608","Shah Alam","Selangor","MY"
"40610","Shah Alam","Selangor","MY"
"40612","Shah Alam","Selangor","MY"
"40620","Shah Alam","Selangor","MY"
"40622","Shah Alam","Selangor","MY"
"40626","Shah Alam","Selangor","MY"
"40632","Shah Alam","Selangor","MY"
"40646","Shah Alam","Selangor","MY"
"40648","Shah Alam","Selangor","MY"
"40660","Shah Alam","Selangor","MY"
"40664","Shah Alam","Selangor","MY"
"40670","Shah Alam","Selangor","MY"
"40672","Shah Alam","Selangor","MY"
"40673","Shah Alam","Selangor","MY"
"40674","Shah Alam","Selangor","MY"
"40675","Shah Alam","Selangor","MY"
"40676","Shah Alam","Selangor","MY"
"40680","Shah Alam","Selangor","MY"
"40690","Shah Alam","Selangor","MY"
"40700","Shah Alam","Selangor","MY"
"40702","Shah Alam","Selangor","MY"
"40704","Shah Alam","Selangor","MY"
"40706","Shah Alam","Selangor","MY"
"40708","Shah Alam","Selangor","MY"
"40710","Shah Alam","Selangor","MY"
"40712","Shah Alam","Selangor","MY"
"40714","Shah Alam","Selangor","MY"
"40716","Shah Alam","Selangor","MY"
"40718","Shah Alam","Selangor","MY"
"40720","Shah Alam","Selangor","MY"
"40722","Shah Alam","Selangor","MY"
"40724","Shah Alam","Selangor","MY"
"40726","Shah Alam","Selangor","MY"
"40728","Shah Alam","Selangor","MY"
"40730","Shah Alam","Selangor","MY"
"40732","Shah Alam","Selangor","MY"
"40800","Shah Alam","Selangor","MY"
"40802","Shah Alam","Selangor","MY"
"40804","Shah Alam","Selangor","MY"
"40806","Shah Alam","Selangor","MY"
"40808","Shah Alam","Selangor","MY"
"40810","Shah Alam","Selangor","MY"
"40990","Shah Alam","Selangor","MY"
"41000","Klang","Selangor","MY"
"41050","Klang","Selangor","MY"
"41100","Klang","Selangor","MY"
"41150","Klang","Selangor","MY"
"41200","Klang","Selangor","MY"
"41250","Klang","Selangor","MY"
"41300","Klang","Selangor","MY"
"41400","Klang","Selangor","MY"
"41506","Klang","Selangor","MY"
"41560","Klang","Selangor","MY"
"41586","Klang","Selangor","MY"
"41672","Klang","Selangor","MY"
"41700","Klang","Selangor","MY"
"41710","Klang","Selangor","MY"
"41720","Klang","Selangor","MY"
"41900","Klang","Selangor","MY"
"41902","Klang","Selangor","MY"
"41904","Klang","Selangor","MY"
"41906","Klang","Selangor","MY"
"41908","Klang","Selangor","MY"
"41910","Klang","Selangor","MY"
"41912","Klang","Selangor","MY"
"41914","Klang","Selangor","MY"
"41916","Klang","Selangor","MY"
"41918","Klang","Selangor","MY"
"41990","Klang","Selangor","MY"
"42000","Pelabuhan Klang","Selangor","MY"
"42009","Pelabuhan Klang","Selangor","MY"
"42100","Klang","Selangor","MY"
"42200","Kapar","Selangor","MY"
"42300","Bandar Puncak Alam","Selangor","MY"
"42500","Telok Panglima Garang","Selangor","MY"
"42507","Telok Panglima Garang","Selangor","MY"
"42509","Telok Panglima Garang","Selangor","MY"
"42600","Jenjarom","Selangor","MY"
"42610","Jenjarom","Selangor","MY"
"42700","Banting","Selangor","MY"
"42800","Tanjong Sepat","Selangor","MY"
"42800","Tanjung Sepat","Selangor","MY"
"42920","Pulau Indah","Selangor","MY"
"42940","Pulau Ketam","Selangor","MY"
"42960","Pulau Carey","Selangor","MY"
"43000","Kajang","Selangor","MY"
"43007","Kajang","Selangor","MY"
"43009","Kajang","Selangor","MY"
"43100","Hulu Langat","Selangor","MY"
"43200","Cheras","Selangor","MY"
"43207","Cheras","Selangor","MY"
"43300","Seri Kembangan","Selangor","MY"
"43400","Serdang","Selangor","MY"
"43500","Semenyih","Selangor","MY"
"43558","Kajang","Selangor","MY"
"43600","Bandar Baru Bangi","Selangor","MY"
"43650","Bandar Baru Bangi","Selangor","MY"
"43700","Beranang","Selangor","MY"
"43800","Dengkil","Selangor","MY"
"43807","Dengkil","Selangor","MY"
"43900","Sepang","Selangor","MY"
"43950","Sungai Pelek","Selangor","MY"
"44000","Kuala Kubu Baru","Selangor","MY"
"44010","Kuala Kubu Baru","Selangor","MY"
"44020","Kuala Kubu Baru","Selangor","MY"
"44100","Kerling","Selangor","MY"
"44110","Kuala Kubu Baru","Selangor","MY"
"44200","Rasa","Selangor","MY"
"44300","Batang Kali","Selangor","MY"
"45000","Kuala Selangor","Selangor","MY"
"45100","Sungai Ayer Tawar","Selangor","MY"
"45200","Sabak Bernam","Selangor","MY"
"45207","Sabak Bernam","Selangor","MY"
"45209","Sabak Bernam","Selangor","MY"
"45300","Sungai Besar","Selangor","MY"
"45400","Sekinchan","Selangor","MY"
"45500","Tanjong Karang","Selangor","MY"
"45600","Bestari Jaya","Selangor","MY"
"45607","Bestari Jaya","Selangor","MY"
"45609","Bestari Jaya","Selangor","MY"
"45620","Bestari Jaya","Selangor","MY"
"45700","Bukit Rotan","Selangor","MY"
"45800","Jeram","Selangor","MY"
"46000","Petaling Jaya","Selangor","MY"
"46050","Petaling Jaya","Selangor","MY"
"46100","Petaling Jaya","Selangor","MY"
"46150","Petaling Jaya","Selangor","MY"
"46200","Petaling Jaya","Selangor","MY"
"46300","Petaling Jaya","Selangor","MY"
"46350","Petaling Jaya","Selangor","MY"
"46400","Petaling Jaya","Selangor","MY"
"46506","Petaling Jaya","Selangor","MY"
"46547","Petaling Jaya","Selangor","MY"
"46549","Petaling Jaya","Selangor","MY"
"46551","Petaling Jaya","Selangor","MY"
"46564","Petaling Jaya","Selangor","MY"
"46582","Petaling Jaya","Selangor","MY"
"46598","Petaling Jaya","Selangor","MY"
"46662","Petaling Jaya","Selangor","MY"
"46667","Petaling Jaya","Selangor","MY"
"46668","Petaling Jaya","Selangor","MY"
"46672","Petaling Jaya","Selangor","MY"
"46675","Petaling Jaya","Selangor","MY"
"46700","Petaling Jaya","Selangor","MY"
"46710","Petaling Jaya","Selangor","MY"
"46720","Petaling Jaya","Selangor","MY"
"46730","Petaling Jaya","Selangor","MY"
"46740","Petaling Jaya","Selangor","MY"
"46750","Petaling Jaya","Selangor","MY"
"46760","Petaling Jaya","Selangor","MY"
"46770","Petaling Jaya","Selangor","MY"
"46780","Petaling Jaya","Selangor","MY"
"46781","Petaling Jaya","Selangor","MY"
"46782","Petaling Jaya","Selangor","MY"
"46783","Petaling Jaya","Selangor","MY"
"46784","Petaling Jaya","Selangor","MY"
"46785","Petaling Jaya","Selangor","MY"
"46786","Petaling Jaya","Selangor","MY"
"46787","Petaling Jaya","Selangor","MY"
"46788","Petaling Jaya","Selangor","MY"
"46789","Petaling Jaya","Selangor","MY"
"46790","Petaling Jaya","Selangor","MY"
"46791","Petaling Jaya","Selangor","MY"
"46792","Petaling Jaya","Selangor","MY"
"46793","Petaling Jaya","Selangor","MY"
"46794","Petaling Jaya","Selangor","MY"
"46795","Petaling Jaya","Selangor","MY"
"46796","Petaling Jaya","Selangor","MY"
"46797","Petaling Jaya","Selangor","MY"
"46798","Petaling Jaya","Selangor","MY"
"46799","Petaling Jaya","Selangor","MY"
"46800","Petaling Jaya","Selangor","MY"
"46801","Petaling Jaya","Selangor","MY"
"46802","Petaling Jaya","Selangor","MY"
"46803","Petaling Jaya","Selangor","MY"
"46804","Petaling Jaya","Selangor","MY"
"46805","Petaling Jaya","Selangor","MY"
"46806","Petaling Jaya","Selangor","MY"
"46860","Petaling Jaya","Selangor","MY"
"46870","Petaling Jaya","Selangor","MY"
"46960","Petaling Jaya","Selangor","MY"
"46962","Petaling Jaya","Selangor","MY"
"46964","Petaling Jaya","Selangor","MY"
"46966","Petaling Jaya","Selangor","MY"
"46968","Petaling Jaya","Selangor","MY"
"46970","Petaling Jaya","Selangor","MY"
"46972","Petaling Jaya","Selangor","MY"
"46974","Petaling Jaya","Selangor","MY"
"46976","Petaling Jaya","Selangor","MY"
"46978","Petaling Jaya","Selangor","MY"
"47000","Sungai Buloh","Selangor","MY"
"47100","Puchong","Selangor","MY"
"47110","Puchong","Selangor","MY"
"47120","Puchong","Selangor","MY"
"47130","Puchong","Selangor","MY"
"47140","Puchong","Selangor","MY"
"47150","Puchong","Selangor","MY"
"47160","Puchong","Selangor","MY"
"47170","Puchong","Selangor","MY"
"47180","Puchong","Selangor","MY"
"47190","Puchong","Selangor","MY"
"47200","Subang Jaya","Selangor","MY"
"47300","Petaling Jaya","Selangor","MY"
"47301","Petaling Jaya","Selangor","MY"
"47307","Petaling Jaya","Selangor","MY"
"47308","Petaling Jaya","Selangor","MY"
"47400","Petaling Jaya","Selangor","MY"
"47410","Petaling Jaya","Selangor","MY"
"47500","Subang Jaya","Selangor","MY"
"47507","Subang Jaya","Selangor","MY"
"47600","Subang Jaya","Selangor","MY"
"47610","Subang Jaya","Selangor","MY"
"47620","Subang Jaya","Selangor","MY"
"47630","Subang Jaya","Selangor","MY"
"47640","Subang Jaya","Selangor","MY"
"47650","Subang Jaya","Selangor","MY"
"47800","Petaling Jaya","Selangor","MY"
"47810","Petaling Jaya","Selangor","MY"
"47820","Petaling Jaya","Selangor","MY"
"47830","Petaling Jaya","Selangor","MY"
"48000","Rawang","Selangor","MY"
"48010","Rawang","Selangor","MY"
"48020","Rawang","Selangor","MY"
"48050","Kuang","Selangor","MY"
"48050","Rawang","Selangor","MY"
"48100","Batu Arang","Selangor","MY"
"48200","Serendah","Selangor","MY"
"48300","Rawang","Selangor","MY"
"49000","Bukit Fraser","Pahang","MY"
"50000","Kuala Lumpur","WP Kuala Lumpur","MY"
"50050","Kuala Lumpur","WP Kuala Lumpur","MY"
"50088","Kuala Lumpur","WP Kuala Lumpur","MY"
"50100","Kuala Lumpur","WP Kuala Lumpur","MY"
"50150","Kuala Lumpur","WP Kuala Lumpur","MY"
"50200","Kuala Lumpur","WP Kuala Lumpur","MY"
"50250","Kuala Lumpur","WP Kuala Lumpur","MY"
"50300","Kuala Lumpur","WP Kuala Lumpur","MY"
"50350","Kuala Lumpur","WP Kuala Lumpur","MY"
"50400","Kuala Lumpur","WP Kuala Lumpur","MY"
"50450","Kuala Lumpur","WP Kuala Lumpur","MY"
"50460","Kuala Lumpur","WP Kuala Lumpur","MY"
"50470","Kuala Lumpur","WP Kuala Lumpur","MY"
"50480","Kuala Lumpur","WP Kuala Lumpur","MY"
"50490","Kuala Lumpur","WP Kuala Lumpur","MY"
"50500","Kuala Lumpur","WP Kuala Lumpur","MY"
"50502","Kuala Lumpur","WP Kuala Lumpur","MY"
"50504","Kuala Lumpur","WP Kuala Lumpur","MY"
"50505","Kuala Lumpur","WP Kuala Lumpur","MY"
"50506","Kuala Lumpur","WP Kuala Lumpur","MY"
"50507","Kuala Lumpur","WP Kuala Lumpur","MY"
"50508","Kuala Lumpur","WP Kuala Lumpur","MY"
"50512","Kuala Lumpur","WP Kuala Lumpur","MY"
"50514","Kuala Lumpur","WP Kuala Lumpur","MY"
"50515","Kuala Lumpur","WP Kuala Lumpur","MY"
"50519","Kuala Lumpur","WP Kuala Lumpur","MY"
"50528","Kuala Lumpur","WP Kuala Lumpur","MY"
"50529","Kuala Lumpur","WP Kuala Lumpur","MY"
"50530","Kuala Lumpur","WP Kuala Lumpur","MY"
"50532","Kuala Lumpur","WP Kuala Lumpur","MY"
"50534","Kuala Lumpur","WP Kuala Lumpur","MY"
"50536","Kuala Lumpur","WP Kuala Lumpur","MY"
"50540","Kuala Lumpur","WP Kuala Lumpur","MY"
"50544","Kuala Lumpur","WP Kuala Lumpur","MY"
"50546","Kuala Lumpur","WP Kuala Lumpur","MY"
"50548","Kuala Lumpur","WP Kuala Lumpur","MY"
"50550","Kuala Lumpur","WP Kuala Lumpur","MY"
"50551","Kuala Lumpur","WP Kuala Lumpur","MY"
"50552","Kuala Lumpur","WP Kuala Lumpur","MY"
"50554","Kuala Lumpur","WP Kuala Lumpur","MY"
"50556","Kuala Lumpur","WP Kuala Lumpur","MY"
"50560","Kuala Lumpur","WP Kuala Lumpur","MY"
"50562","Kuala Lumpur","WP Kuala Lumpur","MY"
"50564","Kuala Lumpur","WP Kuala Lumpur","MY"
"50566","Kuala Lumpur","WP Kuala Lumpur","MY"
"50568","Kuala Lumpur","WP Kuala Lumpur","MY"
"50572","Kuala Lumpur","WP Kuala Lumpur","MY"
"50576","Kuala Lumpur","WP Kuala Lumpur","MY"
"50578","Kuala Lumpur","WP Kuala Lumpur","MY"
"50580","Kuala Lumpur","WP Kuala Lumpur","MY"
"50582","Kuala Lumpur","WP Kuala Lumpur","MY"
"50586","Kuala Lumpur","WP Kuala Lumpur","MY"
"50588","Kuala Lumpur","WP Kuala Lumpur","MY"
"50590","Kuala Lumpur","WP Kuala Lumpur","MY"
"50592","Kuala Lumpur","WP Kuala Lumpur","MY"
"50594","Kuala Lumpur","WP Kuala Lumpur","MY"
"50596","Kuala Lumpur","WP Kuala Lumpur","MY"
"50598","Kuala Lumpur","WP Kuala Lumpur","MY"
"50599","Kuala Lumpur","WP Kuala Lumpur","MY"
"50600","Kuala Lumpur","WP Kuala Lumpur","MY"
"50603","Kuala Lumpur","WP Kuala Lumpur","MY"
"50604","Kuala Lumpur","WP Kuala Lumpur","MY"
"50605","Kuala Lumpur","WP Kuala Lumpur","MY"
"50608","Kuala Lumpur","WP Kuala Lumpur","MY"
"50609","Kuala Lumpur","WP Kuala Lumpur","MY"
"50610","Kuala Lumpur","WP Kuala Lumpur","MY"
"50612","Kuala Lumpur","WP Kuala Lumpur","MY"
"50614","Kuala Lumpur","WP Kuala Lumpur","MY"
"50620","Kuala Lumpur","WP Kuala Lumpur","MY"
"50621","Kuala Lumpur","WP Kuala Lumpur","MY"
"50622","Kuala Lumpur","WP Kuala Lumpur","MY"
"50623","Kuala Lumpur","WP Kuala Lumpur","MY"
"50626","Kuala Lumpur","WP Kuala Lumpur","MY"
"50632","Kuala Lumpur","WP Kuala Lumpur","MY"
"50634","Kuala Lumpur","WP Kuala Lumpur","MY"
"50636","Kuala Lumpur","WP Kuala Lumpur","MY"
"50638","Kuala Lumpur","WP Kuala Lumpur","MY"
"50640","Kuala Lumpur","WP Kuala Lumpur","MY"
"50642","Kuala Lumpur","WP Kuala Lumpur","MY"
"50644","Kuala Lumpur","WP Kuala Lumpur","MY"
"50646","Kuala Lumpur","WP Kuala Lumpur","MY"
"50648","Kuala Lumpur","WP Kuala Lumpur","MY"
"50650","Kuala Lumpur","WP Kuala Lumpur","MY"
"50652","Kuala Lumpur","WP Kuala Lumpur","MY"
"50653","Kuala Lumpur","WP Kuala Lumpur","MY"
"50656","Kuala Lumpur","WP Kuala Lumpur","MY"
"50658","Kuala Lumpur","WP Kuala Lumpur","MY"
"50660","Kuala Lumpur","WP Kuala Lumpur","MY"
"50661","Kuala Lumpur","WP Kuala Lumpur","MY"
"50662","Kuala Lumpur","WP Kuala Lumpur","MY"
"50664","Kuala Lumpur","WP Kuala Lumpur","MY"
"50666","Kuala Lumpur","WP Kuala Lumpur","MY"
"50668","Kuala Lumpur","WP Kuala Lumpur","MY"
"50670","Kuala Lumpur","WP Kuala Lumpur","MY"
"50672","Kuala Lumpur","WP Kuala Lumpur","MY"
"50673","Kuala Lumpur","WP Kuala Lumpur","MY"
"50676","Kuala Lumpur","WP Kuala Lumpur","MY"
"50677","Kuala Lumpur","WP Kuala Lumpur","MY"
"50678","Kuala Lumpur","WP Kuala Lumpur","MY"
"50680","Kuala Lumpur","WP Kuala Lumpur","MY"
"50682","Kuala Lumpur","WP Kuala Lumpur","MY"
"50684","Kuala Lumpur","WP Kuala Lumpur","MY"
"50688","Kuala Lumpur","WP Kuala Lumpur","MY"
"50694","Kuala Lumpur","WP Kuala Lumpur","MY"
"50700","Kuala Lumpur","WP Kuala Lumpur","MY"
"50702","Kuala Lumpur","WP Kuala Lumpur","MY"
"50704","Kuala Lumpur","WP Kuala Lumpur","MY"
"50706","Kuala Lumpur","WP Kuala Lumpur","MY"
"50708","Kuala Lumpur","WP Kuala Lumpur","MY"
"50710","Kuala Lumpur","WP Kuala Lumpur","MY"
"50712","Kuala Lumpur","WP Kuala Lumpur","MY"
"50714","Kuala Lumpur","WP Kuala Lumpur","MY"
"50716","Kuala Lumpur","WP Kuala Lumpur","MY"
"50718","Kuala Lumpur","WP Kuala Lumpur","MY"
"50720","Kuala Lumpur","WP Kuala Lumpur","MY"
"50722","Kuala Lumpur","WP Kuala Lumpur","MY"
"50724","Kuala Lumpur","WP Kuala Lumpur","MY"
"50726","Kuala Lumpur","WP Kuala Lumpur","MY"
"50728","Kuala Lumpur","WP Kuala Lumpur","MY"
"50730","Kuala Lumpur","WP Kuala Lumpur","MY"
"50732","Kuala Lumpur","WP Kuala Lumpur","MY"
"50734","Kuala Lumpur","WP Kuala Lumpur","MY"
"50736","Kuala Lumpur","WP Kuala Lumpur","MY"
"50738","Kuala Lumpur","WP Kuala Lumpur","MY"
"50740","Kuala Lumpur","WP Kuala Lumpur","MY"
"50742","Kuala Lumpur","WP Kuala Lumpur","MY"
"50744","Kuala Lumpur","WP Kuala Lumpur","MY"
"50746","Kuala Lumpur","WP Kuala Lumpur","MY"
"50748","Kuala Lumpur","WP Kuala Lumpur","MY"
"50750","Kuala Lumpur","WP Kuala Lumpur","MY"
"50752","Kuala Lumpur","WP Kuala Lumpur","MY"
"50754","Kuala Lumpur","WP Kuala Lumpur","MY"
"50758","Kuala Lumpur","WP Kuala Lumpur","MY"
"50760","Kuala Lumpur","WP Kuala Lumpur","MY"
"50762","Kuala Lumpur","WP Kuala Lumpur","MY"
"50764","Kuala Lumpur","WP Kuala Lumpur","MY"
"50766","Kuala Lumpur","WP Kuala Lumpur","MY"
"50768","Kuala Lumpur","WP Kuala Lumpur","MY"
"50770","Kuala Lumpur","WP Kuala Lumpur","MY"
"50772","Kuala Lumpur","WP Kuala Lumpur","MY"
"50774","Kuala Lumpur","WP Kuala Lumpur","MY"
"50776","Kuala Lumpur","WP Kuala Lumpur","MY"
"50778","Kuala Lumpur","WP Kuala Lumpur","MY"
"50780","Kuala Lumpur","WP Kuala Lumpur","MY"
"50782","Kuala Lumpur","WP Kuala Lumpur","MY"
"50784","Kuala Lumpur","WP Kuala Lumpur","MY"
"50786","Kuala Lumpur","WP Kuala Lumpur","MY"
"50788","Kuala Lumpur","WP Kuala Lumpur","MY"
"50790","Kuala Lumpur","WP Kuala Lumpur","MY"
"50792","Kuala Lumpur","WP Kuala Lumpur","MY"
"50794","Kuala Lumpur","WP Kuala Lumpur","MY"
"50796","Kuala Lumpur","WP Kuala Lumpur","MY"
"50798","Kuala Lumpur","WP Kuala Lumpur","MY"
"50800","Kuala Lumpur","WP Kuala Lumpur","MY"
"50802","Kuala Lumpur","WP Kuala Lumpur","MY"
"50804","Kuala Lumpur","WP Kuala Lumpur","MY"
"50806","Kuala Lumpur","WP Kuala Lumpur","MY"
"50808","Kuala Lumpur","WP Kuala Lumpur","MY"
"50810","Kuala Lumpur","WP Kuala Lumpur","MY"
"50812","Kuala Lumpur","WP Kuala Lumpur","MY"
"50814","Kuala Lumpur","WP Kuala Lumpur","MY"
"50816","Kuala Lumpur","WP Kuala Lumpur","MY"
"50818","Kuala Lumpur","WP Kuala Lumpur","MY"
"50901","Kuala Lumpur","WP Kuala Lumpur","MY"
"50902","Kuala Lumpur","WP Kuala Lumpur","MY"
"50903","Kuala Lumpur","WP Kuala Lumpur","MY"
"50904","Kuala Lumpur","WP Kuala Lumpur","MY"
"50906","Kuala Lumpur","WP Kuala Lumpur","MY"
"50907","Kuala Lumpur","WP Kuala Lumpur","MY"
"50908","Kuala Lumpur","WP Kuala Lumpur","MY"
"50909","Kuala Lumpur","WP Kuala Lumpur","MY"
"50910","Kuala Lumpur","WP Kuala Lumpur","MY"
"50911","Kuala Lumpur","WP Kuala Lumpur","MY"
"50912","Kuala Lumpur","WP Kuala Lumpur","MY"
"50913","Kuala Lumpur","WP Kuala Lumpur","MY"
"50914","Kuala Lumpur","WP Kuala Lumpur","MY"
"50915","Kuala Lumpur","WP Kuala Lumpur","MY"
"50916","Kuala Lumpur","WP Kuala Lumpur","MY"
"50917","Kuala Lumpur","WP Kuala Lumpur","MY"
"50918","Kuala Lumpur","WP Kuala Lumpur","MY"
"50919","Kuala Lumpur","WP Kuala Lumpur","MY"
"50920","Kuala Lumpur","WP Kuala Lumpur","MY"
"50921","Kuala Lumpur","WP Kuala Lumpur","MY"
"50922","Kuala Lumpur","WP Kuala Lumpur","MY"
"50923","Kuala Lumpur","WP Kuala Lumpur","MY"
"50924","Kuala Lumpur","WP Kuala Lumpur","MY"
"50925","Kuala Lumpur","WP Kuala Lumpur","MY"
"50926","Kuala Lumpur","WP Kuala Lumpur","MY"
"50927","Kuala Lumpur","WP Kuala Lumpur","MY"
"50928","Kuala Lumpur","WP Kuala Lumpur","MY"
"50929","Kuala Lumpur","WP Kuala Lumpur","MY"
"50930","Kuala Lumpur","WP Kuala Lumpur","MY"
"50931","Kuala Lumpur","WP Kuala Lumpur","MY"
"50932","Kuala Lumpur","WP Kuala Lumpur","MY"
"50933","Kuala Lumpur","WP Kuala Lumpur","MY"
"50934","Kuala Lumpur","WP Kuala Lumpur","MY"
"50935","Kuala Lumpur","WP Kuala Lumpur","MY"
"50936","Kuala Lumpur","WP Kuala Lumpur","MY"
"50937","Kuala Lumpur","WP Kuala Lumpur","MY"
"50938","Kuala Lumpur","WP Kuala Lumpur","MY"
"50939","Kuala Lumpur","WP Kuala Lumpur","MY"
"50940","Kuala Lumpur","WP Kuala Lumpur","MY"
"50941","Kuala Lumpur","WP Kuala Lumpur","MY"
"50942","Kuala Lumpur","WP Kuala Lumpur","MY"
"50943","Kuala Lumpur","WP Kuala Lumpur","MY"
"50944","Kuala Lumpur","WP Kuala Lumpur","MY"
"50945","Kuala Lumpur","WP Kuala Lumpur","MY"
"50946","Kuala Lumpur","WP Kuala Lumpur","MY"
"50947","Kuala Lumpur","WP Kuala Lumpur","MY"
"50948","Kuala Lumpur","WP Kuala Lumpur","MY"
"50949","Kuala Lumpur","WP Kuala Lumpur","MY"
"50950","Kuala Lumpur","WP Kuala Lumpur","MY"
"50988","Kuala Lumpur","WP Kuala Lumpur","MY"
"50989","Kuala Lumpur","WP Kuala Lumpur","MY"
"50990","Kuala Lumpur","WP Kuala Lumpur","MY"
"51000","Kuala Lumpur","WP Kuala Lumpur","MY"
"51100","Kuala Lumpur","WP Kuala Lumpur","MY"
"51200","Kuala Lumpur","WP Kuala Lumpur","MY"
"51700","Kuala Lumpur","WP Kuala Lumpur","MY"
"51990","Kuala Lumpur","WP Kuala Lumpur","MY"
"52000","Kuala Lumpur","WP Kuala Lumpur","MY"
"52100","Kuala Lumpur","WP Kuala Lumpur","MY"
"52109","Kuala Lumpur","WP Kuala Lumpur","MY"
"52200","Kuala Lumpur","WP Kuala Lumpur","MY"
"53000","Kuala Lumpur","WP Kuala Lumpur","MY"
"53100","Hulu Langat","WP Kuala Lumpur","MY"
"53100","Kuala Lumpur","WP Kuala Lumpur","MY"
"53200","Kuala Lumpur","WP Kuala Lumpur","MY"
"53300","Kuala Lumpur","WP Kuala Lumpur","MY"
"53700","Kuala Lumpur","WP Kuala Lumpur","MY"
"53800","Kuala Lumpur","WP Kuala Lumpur","MY"
"53990","Kuala Lumpur","WP Kuala Lumpur","MY"
"54000","Kuala Lumpur","WP Kuala Lumpur","MY"
"54100","Kuala Lumpur","WP Kuala Lumpur","MY"
"54200","Kuala Lumpur","WP Kuala Lumpur","MY"
"55000","Kuala Lumpur","WP Kuala Lumpur","MY"
"55100","Kuala Lumpur","WP Kuala Lumpur","MY"
"55188","Kuala Lumpur","WP Kuala Lumpur","MY"
"55200","Kuala Lumpur","WP Kuala Lumpur","MY"
"55300","Kuala Lumpur","WP Kuala Lumpur","MY"
"55700","Kuala Lumpur","WP Kuala Lumpur","MY"
"55710","Kuala Lumpur","WP Kuala Lumpur","MY"
"55720","Kuala Lumpur","WP Kuala Lumpur","MY"
"55900","Kuala Lumpur","WP Kuala Lumpur","MY"
"55902","Kuala Lumpur","WP Kuala Lumpur","MY"
"55904","Kuala Lumpur","WP Kuala Lumpur","MY"
"55906","Kuala Lumpur","WP Kuala Lumpur","MY"
"55908","Kuala Lumpur","WP Kuala Lumpur","MY"
"55910","Kuala Lumpur","WP Kuala Lumpur","MY"
"55912","Kuala Lumpur","WP Kuala Lumpur","MY"
"55914","Kuala Lumpur","WP Kuala Lumpur","MY"
"55916","Kuala Lumpur","WP Kuala Lumpur","MY"
"55918","Kuala Lumpur","WP Kuala Lumpur","MY"
"55920","Kuala Lumpur","WP Kuala Lumpur","MY"
"55922","Kuala Lumpur","WP Kuala Lumpur","MY"
"55924","Kuala Lumpur","WP Kuala Lumpur","MY"
"55926","Kuala Lumpur","WP Kuala Lumpur","MY"
"55928","Kuala Lumpur","WP Kuala Lumpur","MY"
"55930","Kuala Lumpur","WP Kuala Lumpur","MY"
"55932","Kuala Lumpur","WP Kuala Lumpur","MY"
"55934","Kuala Lumpur","WP Kuala Lumpur","MY"
"55990","Kuala Lumpur","WP Kuala Lumpur","MY"
"56000","Kuala Lumpur","WP Kuala Lumpur","MY"
"56100","Kuala Lumpur","WP Kuala Lumpur","MY"
"57000","Kuala Lumpur","WP Kuala Lumpur","MY"
"57100","Kuala Lumpur","WP Kuala Lumpur","MY"
"57700","Kuala Lumpur","WP Kuala Lumpur","MY"
"57990","Kuala Lumpur","WP Kuala Lumpur","MY"
"58000","Kuala Lumpur","WP Kuala Lumpur","MY"
"58100","Kuala Lumpur","WP Kuala Lumpur","MY"
"58200","Kuala Lumpur","WP Kuala Lumpur","MY"
"58700","Kuala Lumpur","WP Kuala Lumpur","MY"
"58990","Kuala Lumpur","WP Kuala Lumpur","MY"
"59000","Kuala Lumpur","WP Kuala Lumpur","MY"
"59100","Kuala Lumpur","WP Kuala Lumpur","MY"
"59200","Kuala Lumpur","WP Kuala Lumpur","MY"
"59700","Kuala Lumpur","WP Kuala Lumpur","MY"
"59800","Kuala Lumpur","WP Kuala Lumpur","MY"
"59990","Kuala Lumpur","WP Kuala Lumpur","MY"
"60000","Kuala Lumpur","WP Kuala Lumpur","MY"
"62000","Putrajaya","WP Putrajaya","MY"
"62007","Putrajaya","WP Putrajaya","MY"
"62050","Putrajaya","WP Putrajaya","MY"
"62100","Putrajaya","WP Putrajaya","MY"
"62150","Putrajaya","WP Putrajaya","MY"
"62200","Putrajaya","WP Putrajaya","MY"
"62250","Putrajaya","WP Putrajaya","MY"
"62300","Putrajaya","WP Putrajaya","MY"
"62502","Putrajaya","WP Putrajaya","MY"
"62504","Putrajaya","WP Putrajaya","MY"
"62505","Putrajaya","WP Putrajaya","MY"
"62506","Putrajaya","WP Putrajaya","MY"
"62510","Putrajaya","WP Putrajaya","MY"
"62512","Putrajaya","WP Putrajaya","MY"
"62514","Putrajaya","WP Putrajaya","MY"
"62516","Putrajaya","WP Putrajaya","MY"
"62517","Putrajaya","WP Putrajaya","MY"
"62518","Putrajaya","WP Putrajaya","MY"
"62519","Putrajaya","WP Putrajaya","MY"
"62520","Putrajaya","WP Putrajaya","MY"
"62522","Putrajaya","WP Putrajaya","MY"
"62524","Putrajaya","WP Putrajaya","MY"
"62526","Putrajaya","WP Putrajaya","MY"
"62527","Putrajaya","WP Putrajaya","MY"
"62530","Putrajaya","WP Putrajaya","MY"
"62532","Putrajaya","WP Putrajaya","MY"
"62536","Putrajaya","WP Putrajaya","MY"
"62540","Putrajaya","WP Putrajaya","MY"
"62542","Putrajaya","WP Putrajaya","MY"
"62546","Putrajaya","WP Putrajaya","MY"
"62550","Putrajaya","WP Putrajaya","MY"
"62551","Putrajaya","WP Putrajaya","MY"
"62570","Putrajaya","WP Putrajaya","MY"
"62574","Putrajaya","WP Putrajaya","MY"
"62576","Putrajaya","WP Putrajaya","MY"
"62582","Putrajaya","WP Putrajaya","MY"
"62584","Putrajaya","WP Putrajaya","MY"
"62590","Putrajaya","WP Putrajaya","MY"
"62592","Putrajaya","WP Putrajaya","MY"
"62596","Putrajaya","WP Putrajaya","MY"
"62602","Putrajaya","WP Putrajaya","MY"
"62604","Putrajaya","WP Putrajaya","MY"
"62605","Putrajaya","WP Putrajaya","MY"
"62606","Putrajaya","WP Putrajaya","MY"
"62616","Putrajaya","WP Putrajaya","MY"
"62618","Putrajaya","WP Putrajaya","MY"
"62620","Putrajaya","WP Putrajaya","MY"
"62623","Putrajaya","WP Putrajaya","MY"
"62624","Putrajaya","WP Putrajaya","MY"
"62628","Putrajaya","WP Putrajaya","MY"
"62630","Putrajaya","WP Putrajaya","MY"
"62632","Putrajaya","WP Putrajaya","MY"
"62648","Putrajaya","WP Putrajaya","MY"
"62652","Putrajaya","WP Putrajaya","MY"
"62654","Putrajaya","WP Putrajaya","MY"
"62662","Putrajaya","WP Putrajaya","MY"
"62668","Putrajaya","WP Putrajaya","MY"
"62670","Putrajaya","WP Putrajaya","MY"
"62674","Putrajaya","WP Putrajaya","MY"
"62675","Putrajaya","WP Putrajaya","MY"
"62676","Putrajaya","WP Putrajaya","MY"
"62677","Putrajaya","WP Putrajaya","MY"
"62686","Putrajaya","WP Putrajaya","MY"
"62692","Putrajaya","WP Putrajaya","MY"
"62988","Putrajaya","WP Putrajaya","MY"
"63000","Cyberjaya","Selangor","MY"
"63100","Cyberjaya","Selangor","MY"
"63200","Cyberjaya","Selangor","MY"
"63300","Cyberjaya","Selangor","MY"
"64000","KLIA","Selangor","MY"
"68000","Ampang","Selangor","MY"
"68100","Batu Caves","Selangor","MY"
"69000","Genting Highlands","Pahang","MY"
"70000","Seremban","Negeri Sembilan","MY"
"70100","Seremban","Negeri Sembilan","MY"
"70200","Seremban","Negeri Sembilan","MY"
"70300","Seremban","Negeri Sembilan","MY"
"70400","Seremban","Negeri Sembilan","MY"
"70450","Seremban","Negeri Sembilan","MY"
"70500","Seremban","Negeri Sembilan","MY"
"70502","Seremban","Negeri Sembilan","MY"
"70503","Seremban","Negeri Sembilan","MY"
"70504","Seremban","Negeri Sembilan","MY"
"70505","Seremban","Negeri Sembilan","MY"
"70506","Seremban","Negeri Sembilan","MY"
"70508","Seremban","Negeri Sembilan","MY"
"70512","Seremban","Negeri Sembilan","MY"
"70516","Seremban","Negeri Sembilan","MY"
"70517","Seremban","Negeri Sembilan","MY"
"70518","Seremban","Negeri Sembilan","MY"
"70532","Seremban","Negeri Sembilan","MY"
"70534","Seremban","Negeri Sembilan","MY"
"70536","Seremban","Negeri Sembilan","MY"
"70540","Seremban","Negeri Sembilan","MY"
"70546","Seremban","Negeri Sembilan","MY"
"70548","Seremban","Negeri Sembilan","MY"
"70550","Seremban","Negeri Sembilan","MY"
"70551","Seremban","Negeri Sembilan","MY"
"70558","Seremban","Negeri Sembilan","MY"
"70560","Seremban","Negeri Sembilan","MY"
"70564","Seremban","Negeri Sembilan","MY"
"70570","Seremban","Negeri Sembilan","MY"
"70572","Seremban","Negeri Sembilan","MY"
"70576","Seremban","Negeri Sembilan","MY"
"70578","Seremban","Negeri Sembilan","MY"
"70582","Seremban","Negeri Sembilan","MY"
"70586","Seremban","Negeri Sembilan","MY"
"70590","Seremban","Negeri Sembilan","MY"
"70592","Seremban","Negeri Sembilan","MY"
"70594","Seremban","Negeri Sembilan","MY"
"70596","Seremban","Negeri Sembilan","MY"
"70600","Seremban","Negeri Sembilan","MY"
"70604","Seremban","Negeri Sembilan","MY"
"70606","Seremban","Negeri Sembilan","MY"
"70608","Seremban","Negeri Sembilan","MY"
"70609","Seremban","Negeri Sembilan","MY"
"70610","Seremban","Negeri Sembilan","MY"
"70620","Seremban","Negeri Sembilan","MY"
"70626","Seremban","Negeri Sembilan","MY"
"70628","Seremban","Negeri Sembilan","MY"
"70632","Seremban","Negeri Sembilan","MY"
"70634","Seremban","Negeri Sembilan","MY"
"70644","Seremban","Negeri Sembilan","MY"
"70646","Seremban","Negeri Sembilan","MY"
"70648","Seremban","Negeri Sembilan","MY"
"70658","Seremban","Negeri Sembilan","MY"
"70664","Seremban","Negeri Sembilan","MY"
"70670","Seremban","Negeri Sembilan","MY"
"70672","Seremban","Negeri Sembilan","MY"
"70673","Seremban","Negeri Sembilan","MY"
"70674","Seremban","Negeri Sembilan","MY"
"70676","Seremban","Negeri Sembilan","MY"
"70690","Seremban","Negeri Sembilan","MY"
"70700","Seremban","Negeri Sembilan","MY"
"70710","Seremban","Negeri Sembilan","MY"
"70720","Seremban","Negeri Sembilan","MY"
"70730","Seremban","Negeri Sembilan","MY"
"70740","Seremban","Negeri Sembilan","MY"
"70750","Seremban","Negeri Sembilan","MY"
"70990","Seremban","Negeri Sembilan","MY"
"71000","Port Dickson","Negeri Sembilan","MY"
"71007","Port Dickson","Negeri Sembilan","MY"
"71009","Port Dickson","Negeri Sembilan","MY"
"71010","Port Dickson","Negeri Sembilan","MY"
"71050","Si Rusa","Negeri Sembilan","MY"
"71059","Si Rusa","Negeri Sembilan","MY"
"71100","Rantau","Negeri Sembilan","MY"
"71109","Rantau","Negeri Sembilan","MY"
"71150","Linggi","Negeri Sembilan","MY"
"71159","Linggi","Negeri Sembilan","MY"
"71200","Rantau","Negeri Sembilan","MY"
"71209","Rantau","Negeri Sembilan","MY"
"71250","Si Rusa","Negeri Sembilan","MY"
"71259","Si Rusa","Negeri Sembilan","MY"
"71300","Rembau","Negeri Sembilan","MY"
"71309","Rembau","Negeri Sembilan","MY"
"71350","Kota","Negeri Sembilan","MY"
"71359","Kota","Negeri Sembilan","MY"
"71400","Rembau","Negeri Sembilan","MY"
"71409","Rembau","Negeri Sembilan","MY"
"71450","Seremban","Negeri Sembilan","MY"
"71459","Seremban","Negeri Sembilan","MY"
"71500","Tanjong Ipoh","Negeri Sembilan","MY"
"71509","Tanjong Ipoh","Negeri Sembilan","MY"
"71550","Tanjong Ipoh","Negeri Sembilan","MY"
"71559","Tanjong Ipoh","Negeri Sembilan","MY"
"71600","Kuala Klawang","Negeri Sembilan","MY"
"71609","Kuala Klawang","Negeri Sembilan","MY"
"71650","Kuala Klawang","Negeri Sembilan","MY"
"71659","Kuala Klawang","Negeri Sembilan","MY"
"71700","Mantin","Negeri Sembilan","MY"
"71707","Mantin","Negeri Sembilan","MY"
"71709","Mantin","Negeri Sembilan","MY"
"71750","Mantin","Negeri Sembilan","MY"
"71759","Mantin","Negeri Sembilan","MY"
"71760","Bandar Enstek","Negeri Sembilan","MY"
"71770","Seremban","Negeri Sembilan","MY"
"71800","Niai","Negeri Sembilan","MY"
"71800","Nilai","Negeri Sembilan","MY"
"71807","Nilai","Negeri Sembilan","MY"
"71809","Nilai","Negeri Sembilan","MY"
"71900","Labu","Negeri Sembilan","MY"
"71907","Labu","Negeri Sembilan","MY"
"71909","Labu","Negeri Sembilan","MY"
"71950","Seremban","Negeri Sembilan","MY"
"71960","Port Dickson","Negeri Sembilan","MY"
"72000","Kuala Pilah","Negeri Sembilan","MY"
"72007","Kuala Pilah","Negeri Sembilan","MY"
"72009","Kuala Pilah","Negeri Sembilan","MY"
"72100","Bahau","Negeri Sembilan","MY"
"72107","Bahau","Negeri Sembilan","MY"
"72109","Bahau","Negeri Sembilan","MY"
"72120","Bandar Seri Jempol","Negeri Sembilan","MY"
"72127","Bandar Seri Jempol","Negeri Sembilan","MY"
"72129","Bandar Seri Jempol","Negeri Sembilan","MY"
"72200","Batu Kikir","Negeri Sembilan","MY"
"72207","Batu Kikir","Negeri Sembilan","MY"
"72209","Batu Kikir","Negeri Sembilan","MY"
"72300","Simpang Pertang","Negeri Sembilan","MY"
"72307","Simpang Pertang","Negeri Sembilan","MY"
"72309","Simpang Pertang","Negeri Sembilan","MY"
"72400","Simpang Durian","Negeri Sembilan","MY"
"72409","Simpang Durian","Negeri Sembilan","MY"
"72500","Kuala Pilah","Negeri Sembilan","MY"
"72507","Kuala Pilah","Negeri Sembilan","MY"
"72509","Kuala Pilah","Negeri Sembilan","MY"
"73000","Tampin","Negeri Sembilan","MY"
"73007","Tampin","Negeri Sembilan","MY"
"73009","Tampin","Negeri Sembilan","MY"
"73100","Johol","Negeri Sembilan","MY"
"73109","Johol","Negeri Sembilan","MY"
"73200","Gemencheh","Negeri Sembilan","MY"
"73207","Gemencheh","Negeri Sembilan","MY"
"73209","Gemencheh","Negeri Sembilan","MY"
"73300","Gemencheh","Negeri Sembilan","MY"
"73309","Gemencheh","Negeri Sembilan","MY"
"73400","Gemas","Negeri Sembilan","MY"
"73409","Gemas","Negeri Sembilan","MY"
"73420","Gemas","Negeri Sembilan","MY"
"73430","Pusat  Bandar Palong","Negeri Sembilan","MY"
"73440","Pusat  Bandar Palong","Negeri Sembilan","MY"
"73450","Pusat  Bandar Palong","Negeri Sembilan","MY"
"73460","Pusat  Bandar Palong","Negeri Sembilan","MY"
"73470","Pusat  Bandar Palong","Negeri Sembilan","MY"
"73480","Gemas","Negeri Sembilan","MY"
"73500","Rompin","Negeri Sembilan","MY"
"73507","Rompin","Negeri Sembilan","MY"
"73509","Rompin","Negeri Sembilan","MY"
"75000","Melaka","Melaka","MY"
"75050","Melaka","Melaka","MY"
"75100","Melaka","Melaka","MY"
"75150","Melaka","Melaka","MY"
"75200","Melaka","Melaka","MY"
"75250","Melaka","Melaka","MY"
"75260","Melaka","Melaka","MY"
"75300","Melaka","Melaka","MY"
"75350","Melaka","Melaka","MY"
"75400","Melaka","Melaka","MY"
"75450","Ayer Keroh","Melaka","MY"
"75460","Melaka","Melaka","MY"
"75500","Melaka","Melaka","MY"
"75502","Melaka","Melaka","MY"
"75503","Melaka","Melaka","MY"
"75504","Melaka","Melaka","MY"
"75505","Melaka","Melaka","MY"
"75506","Melaka","Melaka","MY"
"75508","Melaka","Melaka","MY"
"75510","Melaka","Melaka","MY"
"75512","Melaka","Melaka","MY"
"75514","Melaka","Melaka","MY"
"75516","Melaka","Melaka","MY"
"75517","Melaka","Melaka","MY"
"75518","Melaka","Melaka","MY"
"75519","Melaka","Melaka","MY"
"75532","Melaka","Melaka","MY"
"75536","Melaka","Melaka","MY"
"75538","Melaka","Melaka","MY"
"75540","Melaka","Melaka","MY"
"75542","Melaka","Melaka","MY"
"75546","Melaka","Melaka","MY"
"75550","Melaka","Melaka","MY"
"75551","Melaka","Melaka","MY"
"75552","Melaka","Melaka","MY"
"75560","Melaka","Melaka","MY"
"75564","Melaka","Melaka","MY"
"75566","Melaka","Melaka","MY"
"75570","Melaka","Melaka","MY"
"75572","Melaka","Melaka","MY"
"75576","Melaka","Melaka","MY"
"75578","Melaka","Melaka","MY"
"75582","Melaka","Melaka","MY"
"75584","Melaka","Melaka","MY"
"75586","Melaka","Melaka","MY"
"75590","Melaka","Melaka","MY"
"75592","Melaka","Melaka","MY"
"75594","Melaka","Melaka","MY"
"75596","Melaka","Melaka","MY"
"75600","Melaka","Melaka","MY"
"75604","Melaka","Melaka","MY"
"75606","Melaka","Melaka","MY"
"75608","Melaka","Melaka","MY"
"75609","Melaka","Melaka","MY"
"75610","Melaka","Melaka","MY"
"75612","Melaka","Melaka","MY"
"75618","Melaka","Melaka","MY"
"75620","Melaka","Melaka","MY"
"75622","Melaka","Melaka","MY"
"75626","Melaka","Melaka","MY"
"75628","Melaka","Melaka","MY"
"75630","Melaka","Melaka","MY"
"75632","Melaka","Melaka","MY"
"75646","Melaka","Melaka","MY"
"75648","Melaka","Melaka","MY"
"75662","Melaka","Melaka","MY"
"75670","Melaka","Melaka","MY"
"75672","Melaka","Melaka","MY"
"75673","Melaka","Melaka","MY"
"75674","Melaka","Melaka","MY"
"75676","Melaka","Melaka","MY"
"75690","Melaka","Melaka","MY"
"75700","Melaka","Melaka","MY"
"75710","Melaka","Melaka","MY"
"75720","Melaka","Melaka","MY"
"75730","Melaka","Melaka","MY"
"75740","Melaka","Melaka","MY"
"75750","Melaka","Melaka","MY"
"75760","Melaka","Melaka","MY"
"75900","Melaka","Melaka","MY"
"75902","Melaka","Melaka","MY"
"75904","Melaka","Melaka","MY"
"75906","Melaka","Melaka","MY"
"75908","Melaka","Melaka","MY"
"75910","Melaka","Melaka","MY"
"75912","Melaka","Melaka","MY"
"75914","Melaka","Melaka","MY"
"75916","Melaka","Melaka","MY"
"75918","Melaka","Melaka","MY"
"75990","Melaka","Melaka","MY"
"76100","Durian Tunggal","Melaka","MY"
"76109","Durian Tunggal","Melaka","MY"
"76200","Kem Trendak","Melaka","MY"
"76300","Sungai Udang","Melaka","MY"
"76400","Tanjong Kling","Melaka","MY"
"76409","Tanjong Kling","Melaka","MY"
"76450","Melaka","Melaka","MY"
"77000","Jasin","Melaka","MY"
"77007","Jasin","Melaka","MY"
"77008","Jasin","Melaka","MY"
"77009","Jasin","Melaka","MY"
"77100","Asahan","Melaka","MY"
"77109","Asahan","Melaka","MY"
"77200","Bemban","Melaka","MY"
"77300","Merlimau","Melaka","MY"
"77309","Merlimau","Melaka","MY"
"77400","Sungai Rambai","Melaka","MY"
"77409","Sungai Rambai","Melaka","MY"
"77500","Selandar","Melaka","MY"
"78000","Alor Gajah","Melaka","MY"
"78009","Alor Gajah","Melaka","MY"
"78100","Lubok China","Melaka","MY"
"78200","Kuala Sungai Baru","Melaka","MY"
"78300","Masjid Tanah","Melaka","MY"
"78307","Masjid Tanah","Melaka","MY"
"78309","Masjid Tanah","Melaka","MY"
"79000","Iskandar Puteri","Johor","MY"
"79050","Iskandar Puteri","Johor","MY"
"79100","Iskandar Puteri","Johor","MY"
"79150","Iskandar Puteri","Johor","MY"
"79200","Iskandar Puteri","Johor","MY"
"79250","Iskandar Puteri","Johor","MY"
"79502","Iskandar Puteri","Johor","MY"
"79503","Iskandar Puteri","Johor","MY"
"79504","Iskandar Puteri","Johor","MY"
"79505","Iskandar Puteri","Johor","MY"
"79511","Iskandar Puteri","Johor","MY"
"79513","Iskandar Puteri","Johor","MY"
"79514","Iskandar Puteri","Johor","MY"
"79517","Iskandar Puteri","Johor","MY"
"79518","Iskandar Puteri","Johor","MY"
"79520","Iskandar Puteri","Johor","MY"
"79521","Iskandar Puteri","Johor","MY"
"79523","Iskandar Puteri","Johor","MY"
"79532","Iskandar Puteri","Johor","MY"
"79538","Iskandar Puteri","Johor","MY"
"79540","Iskandar Puteri","Johor","MY"
"79546","Iskandar Puteri","Johor","MY"
"79548","Iskandar Puteri","Johor","MY"
"79550","Iskandar Puteri","Johor","MY"
"79552","Iskandar Puteri","Johor","MY"
"79555","Iskandar Puteri","Johor","MY"
"79570","Iskandar Puteri","Johor","MY"
"79575","Iskandar Puteri","Johor","MY"
"79576","Iskandar Puteri","Johor","MY"
"79592","Iskandar Puteri","Johor","MY"
"79601","Iskandar Puteri","Johor","MY"
"79603","Iskandar Puteri","Johor","MY"
"79605","Iskandar Puteri","Johor","MY"
"79606","Iskandar Puteri","Johor","MY"
"79612","Iskandar Puteri","Johor","MY"
"79626","Iskandar Puteri","Johor","MY"
"79630","Iskandar Puteri","Johor","MY"
"79632","Iskandar Puteri","Johor","MY"
"79646","Iskandar Puteri","Johor","MY"
"79658","Iskandar Puteri","Johor","MY"
"79660","Iskandar Puteri","Johor","MY"
"79680","Iskandar Puteri","Johor","MY"
"79681","Iskandar Puteri","Johor","MY"
"79683","Iskandar Puteri","Johor","MY"
"80000","Johor Bahru","Johor","MY"
"80050","Johor Bahru","Johor","MY"
"80100","Johor Bahru","Johor","MY"
"80150","Johor Bahru","Johor","MY"
"80200","Johor Bahru","Johor","MY"
"80250","Johor Bahru","Johor","MY"
"80300","Johor Bahru","Johor","MY"
"80350","Johor Bahru","Johor","MY"
"80400","Johor Bahru","Johor","MY"
"80500","Johor Bahru","Johor","MY"
"80506","Johor Bahru","Johor","MY"
"80508","Johor Bahru","Johor","MY"
"80516","Johor Bahru","Johor","MY"
"80519","Johor Bahru","Johor","MY"
"80534","Johor Bahru","Johor","MY"
"80536","Johor Bahru","Johor","MY"
"80542","Johor Bahru","Johor","MY"
"80546","Johor Bahru","Johor","MY"
"80558","Johor Bahru","Johor","MY"
"80560","Johor Bahru","Johor","MY"
"80564","Johor Bahru","Johor","MY"
"80568","Johor Bahru","Johor","MY"
"80578","Johor Bahru","Johor","MY"
"80584","Johor Bahru","Johor","MY"
"80586","Johor Bahru","Johor","MY"
"80590","Johor Bahru","Johor","MY"
"80592","Johor Bahru","Johor","MY"
"80594","Johor Bahru","Johor","MY"
"80596","Johor Bahru","Johor","MY"
"80600","Johor Bahru","Johor","MY"
"80604","Johor Bahru","Johor","MY"
"80608","Johor Bahru","Johor","MY"
"80620","Johor Bahru","Johor","MY"
"80622","Johor Bahru","Johor","MY"
"80628","Johor Bahru","Johor","MY"
"80644","Johor Bahru","Johor","MY"
"80648","Johor Bahru","Johor","MY"
"80662","Johor Bahru","Johor","MY"
"80664","Johor Bahru","Johor","MY"
"80668","Johor Bahru","Johor","MY"
"80670","Johor Bahru","Johor","MY"
"80672","Johor Bahru","Johor","MY"
"80673","Johor Bahru","Johor","MY"
"80676","Johor Bahru","Johor","MY"
"80700","Johor Bahru","Johor","MY"
"80710","Johor Bahru","Johor","MY"
"80720","Johor Bahru","Johor","MY"
"80730","Johor Bahru","Johor","MY"
"80900","Johor Bahru","Johor","MY"
"80902","Johor Bahru","Johor","MY"
"80904","Johor Bahru","Johor","MY"
"80906","Johor Bahru","Johor","MY"
"80908","Johor Bahru","Johor","MY"
"80988","Johor Bahru","Johor","MY"
"80990","Johor Bahru","Johor","MY"
"81000","Kulai","Johor","MY"
"81100","Johor Bahru","Johor","MY"
"81200","Johor Bahru","Johor","MY"
"81300","Johor Bahru","Johor","MY"
"81310","Johor Bahru","Johor","MY"
"81400","Senai","Johor","MY"
"81440","Bandar Tenggara","Johor","MY"
"81450","Gugusan Taib Andak","Johor","MY"
"81500","Pekan Nenas","Johor","MY"
"81550","Gelang Patah","Johor","MY"
"81550","Pulau Satu","Johor","MY"
"81600","Pengerang","Johor","MY"
"81700","Pasir Gudang","Johor","MY"
"81750","Masai","Johor","MY"
"81800","Ulu Tiram","Johor","MY"
"81850","Layang-Layang","Johor","MY"
"81900","Kota Tinggi","Johor","MY"
"81920","Ayer Tawar 2","Johor","MY"
"81930","Bandar Penawar","Johor","MY"
"82000","Pontian","Johor","MY"
"82100","Ayer Baloi","Johor","MY"
"82200","Benut","Johor","MY"
"82300","Kukup","Johor","MY"
"83000","Batu Pahat","Johor","MY"
"83100","Rengit","Johor","MY"
"83200","Senggarang","Johor","MY"
"83300","Seri Gading","Johor","MY"
"83400","Seri Medan","Johor","MY"
"83500","Parit Sulong","Johor","MY"
"83600","Semerah","Johor","MY"
"83700","Yong Peng","Johor","MY"
"84000","Muar","Johor","MY"
"84150","Parit Jawa","Johor","MY"
"84200","Muar","Johor","MY"
"84300","Bukit Pasir","Johor","MY"
"84400","Sungai Mati","Johor","MY"
"84500","Panchor","Johor","MY"
"84600","Pagoh","Johor","MY"
"84700","Gerisek","Johor","MY"
"84800","Bukit Gambir","Johor","MY"
"84900","Tangkak","Johor","MY"
"85000","Segamat","Johor","MY"
"85100","Batu Anam","Johor","MY"
"85200","Jementah","Johor","MY"
"85300","Labis","Johor","MY"
"85400","Chaah","Johor","MY"
"86000","Kluang","Johor","MY"
"86100","Ayer Hitam","Johor","MY"
"86200","Simpang Rengam","Johor","MY"
"86300","Rengam","Johor","MY"
"86400","Parit Raja","Johor","MY"
"86500","Bekok","Johor","MY"
"86600","Paloh","Johor","MY"
"86700","Kahang","Johor","MY"
"86800","Mersing","Johor","MY"
"86810","Mersing","Johor","MY"
"86900","Endau","Johor","MY"
"87000","Labuan","WP Labuan","MY"
"87010","Labuan","WP Labuan","MY"
"87011","Labuan","WP Labuan","MY"
"87012","Labuan","WP Labuan","MY"
"87013","Labuan","WP Labuan","MY"
"87014","Labuan","WP Labuan","MY"
"87015","Labuan","WP Labuan","MY"
"87016","Labuan","WP Labuan","MY"
"87017","Labuan","WP Labuan","MY"
"87018","Labuan","WP Labuan","MY"
"87019","Labuan","WP Labuan","MY"
"87020","Labuan","WP Labuan","MY"
"87021","Labuan","WP Labuan","MY"
"87022","Labuan","WP Labuan","MY"
"87023","Labuan","WP Labuan","MY"
"87024","Labuan","WP Labuan","MY"
"87025","Labuan","WP Labuan","MY"
"87026","Labuan","WP Labuan","MY"
"87027","Labuan","WP Labuan","MY"
"87028","Labuan","WP Labuan","MY"
"87029","Labuan","WP Labuan","MY"
"87030","Labuan","WP Labuan","MY"
"87031","Labuan","WP Labuan","MY"
"87032","Labuan","WP Labuan","MY"
"87033","Labuan","WP Labuan","MY"
"88000","Kota Kinabalu","Sabah","MY"
"88100","Kota Kinabalu","Sabah","MY"
"88200","Kota Kinabalu","Sabah","MY"
"88300","Kota Kinabalu","Sabah","MY"
"88400","Kota Kinabalu","Sabah","MY"
"88450","Kota Kinabalu","Sabah","MY"
"88460","Kota Kinabalu","Sabah","MY"
"88500","Kota Kinabalu","Sabah","MY"
"88502","Kota Kinabalu","Sabah","MY"
"88504","Kota Kinabalu","Sabah","MY"
"88505","Kota Kinabalu","Sabah","MY"
"88506","Kota Kinabalu","Sabah","MY"
"88508","Kota Kinabalu","Sabah","MY"
"88510","Kota Kinabalu","Sabah","MY"
"88512","Kota Kinabalu","Sabah","MY"
"88514","Kota Kinabalu","Sabah","MY"
"88516","Kota Kinabalu","Sabah","MY"
"88518","Kota Kinabalu","Sabah","MY"
"88520","Kota Kinabalu","Sabah","MY"
"88526","Kota Kinabalu","Sabah","MY"
"88527","Kota Kinabalu","Sabah","MY"
"88532","Kota Kinabalu","Sabah","MY"
"88534","Kota Kinabalu","Sabah","MY"
"88538","Kota Kinabalu","Sabah","MY"
"88540","Kota Kinabalu","Sabah","MY"
"88546","Kota Kinabalu","Sabah","MY"
"88550","Kota Kinabalu","Sabah","MY"
"88551","Kota Kinabalu","Sabah","MY"
"88552","Kota Kinabalu","Sabah","MY"
"88554","Kota Kinabalu","Sabah","MY"
"88556","Kota Kinabalu","Sabah","MY"
"88558","Kota Kinabalu","Sabah","MY"
"88560","Kota Kinabalu","Sabah","MY"
"88562","Kota Kinabalu","Sabah","MY"
"88564","Kota Kinabalu","Sabah","MY"
"88566","Kota Kinabalu","Sabah","MY"
"88568","Kota Kinabalu","Sabah","MY"
"88570","Kota Kinabalu","Sabah","MY"
"88572","Kota Kinabalu","Sabah","MY"
"88576","Kota Kinabalu","Sabah","MY"
"88580","Kota Kinabalu","Sabah","MY"
"88582","Kota Kinabalu","Sabah","MY"
"88586","Kota Kinabalu","Sabah","MY"
"88590","Kota Kinabalu","Sabah","MY"
"88592","Kota Kinabalu","Sabah","MY"
"88594","Kota Kinabalu","Sabah","MY"
"88596","Kota Kinabalu","Sabah","MY"
"88598","Kota Kinabalu","Sabah","MY"
"88600","Kota Kinabalu","Sabah","MY"
"88602","Kota Kinabalu","Sabah","MY"
"88604","Kota Kinabalu","Sabah","MY"
"88606","Kota Kinabalu","Sabah","MY"
"88608","Kota Kinabalu","Sabah","MY"
"88609","Kota Kinabalu","Sabah","MY"
"88610","Kota Kinabalu","Sabah","MY"
"88612","Kota Kinabalu","Sabah","MY"
"88614","Kota Kinabalu","Sabah","MY"
"88617","Kota Kinabalu","Sabah","MY"
"88618","Kota Kinabalu","Sabah","MY"
"88620","Kota Kinabalu","Sabah","MY"
"88621","Kota Kinabalu","Sabah","MY"
"88622","Kota Kinabalu","Sabah","MY"
"88624","Kota Kinabalu","Sabah","MY"
"88626","Kota Kinabalu","Sabah","MY"
"88628","Kota Kinabalu","Sabah","MY"
"88630","Kota Kinabalu","Sabah","MY"
"88632","Kota Kinabalu","Sabah","MY"
"88634","Kota Kinabalu","Sabah","MY"
"88644","Kota Kinabalu","Sabah","MY"
"88646","Kota Kinabalu","Sabah","MY"
"88648","Kota Kinabalu","Sabah","MY"
"88656","Kota Kinabalu","Sabah","MY"
"88658","Kota Kinabalu","Sabah","MY"
"88660","Kota Kinabalu","Sabah","MY"
"88661","Kota Kinabalu","Sabah","MY"
"88662","Kota Kinabalu","Sabah","MY"
"88670","Kota Kinabalu","Sabah","MY"
"88672","Kota Kinabalu","Sabah","MY"
"88673","Kota Kinabalu","Sabah","MY"
"88675","Kota Kinabalu","Sabah","MY"
"88676","Kota Kinabalu","Sabah","MY"
"88680","Kota Kinabalu","Sabah","MY"
"88690","Kota Kinabalu","Sabah","MY"
"88700","Beverly","Sabah","MY"
"88721","Putatan","Sabah","MY"
"88722","Putatan","Sabah","MY"
"88723","Putatan","Sabah","MY"
"88724","Putatan","Sabah","MY"
"88725","Putatan","Sabah","MY"
"88757","Kota Kinabalu","Sabah","MY"
"88758","Kota Kinabalu","Sabah","MY"
"88759","Kota Kinabalu","Sabah","MY"
"88760","Kota Kinabalu","Sabah","MY"
"88761","Kota Kinabalu","Sabah","MY"
"88762","Kota Kinabalu","Sabah","MY"
"88763","Kota Kinabalu","Sabah","MY"
"88764","Kota Kinabalu","Sabah","MY"
"88765","Kota Kinabalu","Sabah","MY"
"88766","Kota Kinabalu","Sabah","MY"
"88767","Kota Kinabalu","Sabah","MY"
"88768","Kota Kinabalu","Sabah","MY"
"88769","Kota Kinabalu","Sabah","MY"
"88770","Kota Kinabalu","Sabah","MY"
"88771","Kota Kinabalu","Sabah","MY"
"88772","Kota Kinabalu","Sabah","MY"
"88773","Kota Kinabalu","Sabah","MY"
"88774","Kota Kinabalu","Sabah","MY"
"88775","Kota Kinabalu","Sabah","MY"
"88776","Kota Kinabalu","Sabah","MY"
"88777","Kota Kinabalu","Sabah","MY"
"88778","Kota Kinabalu","Sabah","MY"
"88779","Kota Kinabalu","Sabah","MY"
"88780","Kota Kinabalu","Sabah","MY"
"88781","Kota Kinabalu","Sabah","MY"
"88782","Kota Kinabalu","Sabah","MY"
"88783","Kota Kinabalu","Sabah","MY"
"88784","Kota Kinabalu","Sabah","MY"
"88785","Kota Kinabalu","Sabah","MY"
"88786","Kota Kinabalu","Sabah","MY"
"88787","Kota Kinabalu","Sabah","MY"
"88788","Kota Kinabalu","Sabah","MY"
"88789","Kota Kinabalu","Sabah","MY"
"88790","Kota Kinabalu","Sabah","MY"
"88800","Kota Kinabalu","Sabah","MY"
"88801","Kota Kinabalu","Sabah","MY"
"88802","Kota Kinabalu","Sabah","MY"
"88803","Kota Kinabalu","Sabah","MY"
"88804","Kota Kinabalu","Sabah","MY"
"88805","Kota Kinabalu","Sabah","MY"
"88806","Kota Kinabalu","Sabah","MY"
"88807","Kota Kinabalu","Sabah","MY"
"88808","Kota Kinabalu","Sabah","MY"
"88809","Kota Kinabalu","Sabah","MY"
"88810","Kota Kinabalu","Sabah","MY"
"88811","Kota Kinabalu","Sabah","MY"
"88812","Kota Kinabalu","Sabah","MY"
"88813","Kota Kinabalu","Sabah","MY"
"88814","Kota Kinabalu","Sabah","MY"
"88815","Kota Kinabalu","Sabah","MY"
"88816","Kota Kinabalu","Sabah","MY"
"88817","Kota Kinabalu","Sabah","MY"
"88818","Kota Kinabalu","Sabah","MY"
"88819","Kota Kinabalu","Sabah","MY"
"88820","Kota Kinabalu","Sabah","MY"
"88821","Kota Kinabalu","Sabah","MY"
"88822","Kota Kinabalu","Sabah","MY"
"88823","Kota Kinabalu","Sabah","MY"
"88824","Kota Kinabalu","Sabah","MY"
"88825","Kota Kinabalu","Sabah","MY"
"88826","Kota Kinabalu","Sabah","MY"
"88827","Kota Kinabalu","Sabah","MY"
"88828","Kota Kinabalu","Sabah","MY"
"88829","Kota Kinabalu","Sabah","MY"
"88830","Kota Kinabalu","Sabah","MY"
"88831","Kota Kinabalu","Sabah","MY"
"88832","Kota Kinabalu","Sabah","MY"
"88833","Kota Kinabalu","Sabah","MY"
"88834","Kota Kinabalu","Sabah","MY"
"88835","Kota Kinabalu","Sabah","MY"
"88836","Kota Kinabalu","Sabah","MY"
"88837","Kota Kinabalu","Sabah","MY"
"88838","Kota Kinabalu","Sabah","MY"
"88839","Kota Kinabalu","Sabah","MY"
"88840","Kota Kinabalu","Sabah","MY"
"88841","Kota Kinabalu","Sabah","MY"
"88842","Kota Kinabalu","Sabah","MY"
"88843","Kota Kinabalu","Sabah","MY"
"88844","Kota Kinabalu","Sabah","MY"
"88845","Kota Kinabalu","Sabah","MY"
"88846","Kota Kinabalu","Sabah","MY"
"88847","Kota Kinabalu","Sabah","MY"
"88848","Kota Kinabalu","Sabah","MY"
"88849","Kota Kinabalu","Sabah","MY"
"88850","Kota Kinabalu","Sabah","MY"
"88851","Kota Kinabalu","Sabah","MY"
"88852","Kota Kinabalu","Sabah","MY"
"88853","Kota Kinabalu","Sabah","MY"
"88854","Kota Kinabalu","Sabah","MY"
"88855","Kota Kinabalu","Sabah","MY"
"88856","Likas","Sabah","MY"
"88857","Inanam","Sabah","MY"
"88858","Tanjung Aru","Sabah","MY"
"88860","Kota Kinabalu","Sabah","MY"
"88861","Kota Kinabalu","Sabah","MY"
"88862","Kota Kinabalu","Sabah","MY"
"88863","Kota Kinabalu","Sabah","MY"
"88865","Kota Kinabalu","Sabah","MY"
"88866","Kota Kinabalu","Sabah","MY"
"88867","Kota Kinabalu","Sabah","MY"
"88868","Kota Kinabalu","Sabah","MY"
"88869","Kota Kinabalu","Sabah","MY"
"88870","Kota Kinabalu","Sabah","MY"
"88871","Kota Kinabalu","Sabah","MY"
"88872","Kota Kinabalu","Sabah","MY"
"88873","Kota Kinabalu","Sabah","MY"
"88874","Kota Kinabalu","Sabah","MY"
"88875","Kota Kinabalu","Sabah","MY"
"88900","Kota Kinabalu","Sabah","MY"
"88901","Kota Kinabalu","Sabah","MY"
"88902","Kota Kinabalu","Sabah","MY"
"88903","Kota Kinabalu","Sabah","MY"
"88904","Kota Kinabalu","Sabah","MY"
"88905","Kota Kinabalu","Sabah","MY"
"88906","Kota Kinabalu","Sabah","MY"
"88988","Kota Kinabalu","Sabah","MY"
"88990","Kota Kinabalu","Sabah","MY"
"88991","Kota Kinabalu","Sabah","MY"
"88992","Kota Kinabalu","Sabah","MY"
"88993","Kota Kinabalu","Sabah","MY"
"88994","Kota Kinabalu","Sabah","MY"
"88995","Kota Kinabalu","Sabah","MY"
"88996","Kota Kinabalu","Sabah","MY"
"88997","Kota Kinabalu","Sabah","MY"
"88998","Kota Kinabalu","Sabah","MY"
"88999","Kota Kinabalu","Sabah","MY"
"89000","Keningau","Sabah","MY"
"89007","Keningau","Sabah","MY"
"89008","Keningau","Sabah","MY"
"89009","Keningau","Sabah","MY"
"89050","Kudat","Sabah","MY"
"89057","Kudat","Sabah","MY"
"89058","Kudat","Sabah","MY"
"89059","Kudat","Sabah","MY"
"89100","Kota Marudu","Sabah","MY"
"89107","Kota Marudu","Sabah","MY"
"89108","Kota Marudu","Sabah","MY"
"89109","Kota Marudu","Sabah","MY"
"89130","Kota Marudu","Sabah","MY"
"89137","Kota Marudu","Sabah","MY"
"89138","Kota Marudu","Sabah","MY"
"89139","Kota Marudu","Sabah","MY"
"89150","Kota Belud","Sabah","MY"
"89157","Kota Belud","Sabah","MY"
"89158","Kota Belud","Sabah","MY"
"89159","Kota Belud","Sabah","MY"
"89200","Tuaran","Sabah","MY"
"89207","Tuaran","Sabah","MY"
"89208","Tuaran","Sabah","MY"
"89209","Tuaran","Sabah","MY"
"89250","Tamparuli","Sabah","MY"
"89257","Tamparuli","Sabah","MY"
"89258","Tamparuli","Sabah","MY"
"89259","Tamparuli","Sabah","MY"
"89260","Beverly","Sabah","MY"
"89260","Tenghilan","Sabah","MY"
"89300","Ranau","Sabah","MY"
"89307","Ranau","Sabah","MY"
"89308","Ranau","Sabah","MY"
"89309","Ranau","Sabah","MY"
"89320","Ranau","Sabah","MY"
"89327","Ranau","Sabah","MY"
"89328","Ranau","Sabah","MY"
"89329","Ranau","Sabah","MY"
"89330","Ranau","Sabah","MY"
"89337","Ranau","Sabah","MY"
"89338","Ranau","Sabah","MY"
"89339","Ranau","Sabah","MY"
"89500","Penampang","Sabah","MY"
"89507","Penampang","Sabah","MY"
"89508","Penampang","Sabah","MY"
"89509","Penampang","Sabah","MY"
"89600","Papar","Sabah","MY"
"89607","Papar","Sabah","MY"
"89608","Papar","Sabah","MY"
"89609","Papar","Sabah","MY"
"89650","Tambunan","Sabah","MY"
"89657","Tambunan","Sabah","MY"
"89658","Tambunan","Sabah","MY"
"89659","Tambunan","Sabah","MY"
"89700","Bongawan","Sabah","MY"
"89707","Bongawan","Sabah","MY"
"89708","Bongawan","Sabah","MY"
"89709","Bongawan","Sabah","MY"
"89720","Membakut","Sabah","MY"
"89727","Membakut","Sabah","MY"
"89728","Membakut","Sabah","MY"
"89729","Membakut","Sabah","MY"
"89740","Kuala Penyu","Sabah","MY"
"89747","Kuala Penyu","Sabah","MY"
"89748","Kuala Penyu","Sabah","MY"
"89749","Kuala Penyu","Sabah","MY"
"89760","Menumbok","Sabah","MY"
"89767","Menumbok","Sabah","MY"
"89768","Menumbok","Sabah","MY"
"89769","Menumbok","Sabah","MY"
"89800","Beaufort","Sabah","MY"
"89807","Beaufort","Sabah","MY"
"89808","Beaufort","Sabah","MY"
"89809","Beaufort","Sabah","MY"
"89850","Sipitang","Sabah","MY"
"89857","Sipitang","Sabah","MY"
"89858","Sipitang","Sabah","MY"
"89859","Sipitang","Sabah","MY"
"89900","Tenom","Sabah","MY"
"89907","Tenom","Sabah","MY"
"89908","Tenom","Sabah","MY"
"89909","Tenom","Sabah","MY"
"89950","Nabawan","Sabah","MY"
"89957","Nabawan","Sabah","MY"
"89958","Nabawan","Sabah","MY"
"89959","Nabawan","Sabah","MY"
"90000","Sandakan","Sabah","MY"
"90009","Sandakan","Sabah","MY"
"90100","Beluran","Sabah","MY"
"90107","Beluran","Sabah","MY"
"90109","Beluran","Sabah","MY"
"90200","Kota Kinabatangan","Sabah","MY"
"90300","Sandakan","Sabah","MY"
"90307","Sandakan","Sabah","MY"
"90400","Pamol","Sabah","MY"
"90700","Sandakan","Sabah","MY"
"90701","Sandakan","Sabah","MY"
"90702","Sandakan","Sabah","MY"
"90703","Sandakan","Sabah","MY"
"90704","Sandakan","Sabah","MY"
"90705","Sandakan","Sabah","MY"
"90706","Sandakan","Sabah","MY"
"90707","Sandakan","Sabah","MY"
"90708","Sandakan","Sabah","MY"
"90709","Sandakan","Sabah","MY"
"90711","Sandakan","Sabah","MY"
"90712","Sandakan","Sabah","MY"
"90713","Sandakan","Sabah","MY"
"90714","Sandakan","Sabah","MY"
"90715","Sandakan","Sabah","MY"
"90716","Sandakan","Sabah","MY"
"90717","Sandakan","Sabah","MY"
"90718","Sandakan","Sabah","MY"
"90719","Sandakan","Sabah","MY"
"90720","Sandakan","Sabah","MY"
"90721","Sandakan","Sabah","MY"
"90722","Sandakan","Sabah","MY"
"90723","Sandakan","Sabah","MY"
"90724","Sandakan","Sabah","MY"
"90725","Sandakan","Sabah","MY"
"90726","Sandakan","Sabah","MY"
"90727","Sandakan","Sabah","MY"
"90728","Sandakan","Sabah","MY"
"90729","Sandakan","Sabah","MY"
"90730","Sandakan","Sabah","MY"
"90731","Sandakan","Sabah","MY"
"90732","Sandakan","Sabah","MY"
"90733","Sandakan","Sabah","MY"
"90734","Sandakan","Sabah","MY"
"90735","Sandakan","Sabah","MY"
"90736","Sandakan","Sabah","MY"
"90737","Sandakan","Sabah","MY"
"90738","Sandakan","Sabah","MY"
"90739","Sandakan","Sabah","MY"
"90740","Sandakan","Sabah","MY"
"90741","Sandakan","Sabah","MY"
"91000","Tawau","Sabah","MY"
"91007","Tawau","Sabah","MY"
"91008","Tawau","Sabah","MY"
"91009","Tawau","Sabah","MY"
"91010","Tawau","Sabah","MY"
"91011","Tawau","Sabah","MY"
"91012","Tawau","Sabah","MY"
"91013","Tawau","Sabah","MY"
"91014","Tawau","Sabah","MY"
"91015","Tawau","Sabah","MY"
"91016","Tawau","Sabah","MY"
"91017","Tawau","Sabah","MY"
"91018","Tawau","Sabah","MY"
"91019","Tawau","Sabah","MY"
"91020","Tawau","Sabah","MY"
"91021","Tawau","Sabah","MY"
"91022","Tawau","Sabah","MY"
"91023","Tawau","Sabah","MY"
"91024","Tawau","Sabah","MY"
"91025","Tawau","Sabah","MY"
"91026","Tawau","Sabah","MY"
"91027","Tawau","Sabah","MY"
"91028","Tawau","Sabah","MY"
"91029","Tawau","Sabah","MY"
"91030","Tawau","Sabah","MY"
"91031","Tawau","Sabah","MY"
"91032","Tawau","Sabah","MY"
"91033","Tawau","Sabah","MY"
"91034","Tawau","Sabah","MY"
"91035","Tawau","Sabah","MY"
"91100","Lahad Datu","Sabah","MY"
"91109","Lahad Datu","Sabah","MY"
"91110","Lahad Datu","Sabah","MY"
"91111","Lahad Datu","Sabah","MY"
"91112","Lahad Datu","Sabah","MY"
"91113","Lahad Datu","Sabah","MY"
"91114","Lahad Datu","Sabah","MY"
"91115","Lahad Datu","Sabah","MY"
"91116","Lahad Datu","Sabah","MY"
"91117","Lahad Datu","Sabah","MY"
"91118","Lahad Datu","Sabah","MY"
"91119","Lahad Datu","Sabah","MY"
"91120","Lahad Datu","Sabah","MY"
"91121","Lahad Datu","Sabah","MY"
"91122","Lahad Datu","Sabah","MY"
"91123","Lahad Datu","Sabah","MY"
"91124","Lahad Datu","Sabah","MY"
"91125","Lahad Datu","Sabah","MY"
"91126","Lahad Datu","Sabah","MY"
"91127","Lahad Datu","Sabah","MY"
"91128","Lahad Datu","Sabah","MY"
"91150","Lahad Datu","Sabah","MY"
"91200","Kunak","Sabah","MY"
"91207","Kunak","Sabah","MY"
"91209","Kunak","Sabah","MY"
"91300","Semporna","Sabah","MY"
"91307","Semporna","Sabah","MY"
"91308","Semporna","Sabah","MY"
"91309","Semporna","Sabah","MY"
"93000","Kuching","Sarawak","MY"
"93010","Kuching","Sarawak","MY"
"93050","Kuching","Sarawak","MY"
"93100","Kuching","Sarawak","MY"
"93150","Kuching","Sarawak","MY"
"93200","Kuching","Sarawak","MY"
"93250","Kuching","Sarawak","MY"
"93300","Kuching","Sarawak","MY"
"93350","Kuching","Sarawak","MY"
"93400","Kuching","Sarawak","MY"
"93450","Kuching","Sarawak","MY"
"93500","Kuching","Sarawak","MY"
"93502","Kuching","Sarawak","MY"
"93503","Kuching","Sarawak","MY"
"93504","Kuching","Sarawak","MY"
"93505","Kuching","Sarawak","MY"
"93506","Kuching","Sarawak","MY"
"93507","Kuching","Sarawak","MY"
"93508","Kuching","Sarawak","MY"
"93514","Kuching","Sarawak","MY"
"93516","Kuching","Sarawak","MY"
"93517","Kuching","Sarawak","MY"
"93518","Kuching","Sarawak","MY"
"93519","Kuching","Sarawak","MY"
"93520","Kuching","Sarawak","MY"
"93527","Kuching","Sarawak","MY"
"93529","Kuching","Sarawak","MY"
"93532","Kuching","Sarawak","MY"
"93540","Kuching","Sarawak","MY"
"93550","Kuching","Sarawak","MY"
"93551","Kuching","Sarawak","MY"
"93552","Kuching","Sarawak","MY"
"93554","Kuching","Sarawak","MY"
"93556","Kuching","Sarawak","MY"
"93558","Kuching","Sarawak","MY"
"93560","Kuching","Sarawak","MY"
"93564","Kuching","Sarawak","MY"
"93566","Kuching","Sarawak","MY"
"93570","Kuching","Sarawak","MY"
"93572","Kuching","Sarawak","MY"
"93576","Kuching","Sarawak","MY"
"93578","Kuching","Sarawak","MY"
"93582","Kuching","Sarawak","MY"
"93586","Kuching","Sarawak","MY"
"93590","Kuching","Sarawak","MY"
"93592","Kuching","Sarawak","MY"
"93594","Kuching","Sarawak","MY"
"93596","Kuching","Sarawak","MY"
"93600","Kuching","Sarawak","MY"
"93604","Kuching","Sarawak","MY"
"93606","Kuching","Sarawak","MY"
"93608","Kuching","Sarawak","MY"
"93609","Kuching","Sarawak","MY"
"93610","Kuching","Sarawak","MY"
"93612","Kuching","Sarawak","MY"
"93614","Kuching","Sarawak","MY"
"93618","Kuching","Sarawak","MY"
"93619","Kuching","Sarawak","MY"
"93620","Kuching","Sarawak","MY"
"93626","Kuching","Sarawak","MY"
"93628","Kuching","Sarawak","MY"
"93632","Kuching","Sarawak","MY"
"93634","Kuching","Sarawak","MY"
"93648","Kuching","Sarawak","MY"
"93658","Kuching","Sarawak","MY"
"93660","Kuching","Sarawak","MY"
"93661","Kuching","Sarawak","MY"
"93662","Kuching","Sarawak","MY"
"93670","Kuching","Sarawak","MY"
"93672","Kuching","Sarawak","MY"
"93677","Kuching","Sarawak","MY"
"93690","Kuching","Sarawak","MY"
"93694","Kuching","Sarawak","MY"
"93700","Kuching","Sarawak","MY"
"93702","Kuching","Sarawak","MY"
"93704","Kuching","Sarawak","MY"
"93706","Kuching","Sarawak","MY"
"93708","Kuching","Sarawak","MY"
"93710","Kuching","Sarawak","MY"
"93712","Kuching","Sarawak","MY"
"93714","Kuching","Sarawak","MY"
"93716","Kuching","Sarawak","MY"
"93718","Kuching","Sarawak","MY"
"93720","Kuching","Sarawak","MY"
"93722","Kuching","Sarawak","MY"
"93724","Kuching","Sarawak","MY"
"93726","Kuching","Sarawak","MY"
"93728","Kuching","Sarawak","MY"
"93730","Kuching","Sarawak","MY"
"93732","Kuching","Sarawak","MY"
"93734","Kuching","Sarawak","MY"
"93736","Kuching","Sarawak","MY"
"93738","Kuching","Sarawak","MY"
"93740","Kuching","Sarawak","MY"
"93742","Kuching","Sarawak","MY"
"93744","Kuching","Sarawak","MY"
"93746","Kuching","Sarawak","MY"
"93748","Kuching","Sarawak","MY"
"93750","Kuching","Sarawak","MY"
"93752","Kuching","Sarawak","MY"
"93754","Kuching","Sarawak","MY"
"93756","Kuching","Sarawak","MY"
"93758","Kuching","Sarawak","MY"
"93760","Kuching","Sarawak","MY"
"93762","Kuching","Sarawak","MY"
"93764","Kuching","Sarawak","MY"
"93900","Kuching","Sarawak","MY"
"93902","Kuching","Sarawak","MY"
"93904","Kuching","Sarawak","MY"
"93906","Kuching","Sarawak","MY"
"93908","Kuching","Sarawak","MY"
"93910","Kuching","Sarawak","MY"
"93912","Kuching","Sarawak","MY"
"93914","Kuching","Sarawak","MY"
"93916","Kuching","Sarawak","MY"
"93990","Kuching","Sarawak","MY"
"94000","Bau","Sarawak","MY"
"94007","Bau","Sarawak","MY"
"94009","Bau","Sarawak","MY"
"94111","Lundu","Sarawak","MY"
"94200","Siburan","Sarawak","MY"
"94300","Kota Samarahan","Sarawak","MY"
"94500","Lundu","Sarawak","MY"
"94507","Lundu","Sarawak","MY"
"94509","Lundu","Sarawak","MY"
"94600","Asajaya","Sarawak","MY"
"94650","Kabong","Sarawak","MY"
"94700","Serian","Sarawak","MY"
"94707","Serian","Sarawak","MY"
"94709","Serian","Sarawak","MY"
"94750","Serian","Sarawak","MY"
"94760","Serian","Sarawak","MY"
"94800","Simunjan","Sarawak","MY"
"94807","Simunjan","Sarawak","MY"
"94809","Simunjan","Sarawak","MY"
"94850","Sebuyau","Sarawak","MY"
"94900","Lingga","Sarawak","MY"
"94950","Pusa","Sarawak","MY"
"95000","Sri Aman","Sarawak","MY"
"95007","Sri Aman","Sarawak","MY"
"95008","Sri Aman","Sarawak","MY"
"95009","Sri Aman","Sarawak","MY"
"95300","Roban","Sarawak","MY"
"95400","Saratok","Sarawak","MY"
"95407","Saratok","Sarawak","MY"
"95409","Saratok","Sarawak","MY"
"95500","Debak","Sarawak","MY"
"95600","Spaoh","Sarawak","MY"
"95700","Betong","Sarawak","MY"
"95707","Betong","Sarawak","MY"
"95709","Betong","Sarawak","MY"
"95800","Engkilili","Sarawak","MY"
"95900","Lubok Antu","Sarawak","MY"
"96000","Sibu","Sarawak","MY"
"96007","Sibu","Sarawak","MY"
"96008","Sibu","Sarawak","MY"
"96009","Sibu","Sarawak","MY"
"96010","Sibu Jaya","Sarawak","MY"
"96100","Sarikei","Sarawak","MY"
"96107","Sarikei","Sarawak","MY"
"96108","Sarikei","Sarawak","MY"
"96109","Sarikei","Sarawak","MY"
"96150","Belawai","Sarawak","MY"
"96200","Daro","Sarawak","MY"
"96250","Matu","Sarawak","MY"
"96300","Dalat","Sarawak","MY"
"96307","Dalat","Sarawak","MY"
"96309","Dalat","Sarawak","MY"
"96350","Balingian","Sarawak","MY"
"96400","Mukah","Sarawak","MY"
"96410","Mukah","Sarawak","MY"
"96500","Bintangor","Sarawak","MY"
"96507","Bintangor","Sarawak","MY"
"96508","Bintangor","Sarawak","MY"
"96509","Bintangor","Sarawak","MY"
"96600","Julau","Sarawak","MY"
"96700","Kanowit","Sarawak","MY"
"96707","Kanowit","Sarawak","MY"
"96709","Kanowit","Sarawak","MY"
"96800","Kapit","Sarawak","MY"
"96807","Kapit","Sarawak","MY"
"96809","Kapit","Sarawak","MY"
"96850","Song","Sarawak","MY"
"96900","Belaga","Sarawak","MY"
"96950","Belaga","Sarawak","MY"
"97000","Bintulu","Sarawak","MY"
"97007","Bintulu","Sarawak","MY"
"97008","Bintulu","Sarawak","MY"
"97009","Bintulu","Sarawak","MY"
"97010","Bintulu","Sarawak","MY"
"97011","Bintulu","Sarawak","MY"
"97012","Bintulu","Sarawak","MY"
"97013","Bintulu","Sarawak","MY"
"97014","Bintulu","Sarawak","MY"
"97015","Bintulu","Sarawak","MY"
"97100","Sebauh","Sarawak","MY"
"97200","Tatau","Sarawak","MY"
"97300","Bintulu","Sarawak","MY"
"98000","Miri","Sarawak","MY"
"98007","Miri","Sarawak","MY"
"98008","Miri","Sarawak","MY"
"98009","Miri","Sarawak","MY"
"98050","Baram","Sarawak","MY"
"98057","Baram","Sarawak","MY"
"98058","Baram","Sarawak","MY"
"98059","Baram","Sarawak","MY"
"98060","Baram","Sarawak","MY"
"98070","Pusat Mel Miri","Sarawak","MY"
"98100","Lutong","Sarawak","MY"
"98107","Lutong","Sarawak","MY"
"98109","Lutong","Sarawak","MY"
"98150","Bekenu","Sarawak","MY"
"98157","Bekenu","Sarawak","MY"
"98159","Bekenu","Sarawak","MY"
"98200","Niah","Sarawak","MY"
"98300","Long Lama","Sarawak","MY"
"98700","Limbang","Sarawak","MY"
"98707","Limbang","Sarawak","MY"
"98708","Limbang","Sarawak","MY"
"98709","Limbang","Sarawak","MY"
"98750","Nanga Medamit","Sarawak","MY"
"98800","Sundar","Sarawak","MY"
"98850","Lawas","Sarawak","MY"
"98857","Lawas","Sarawak","MY"
"98859","Lawas","Sarawak","MY"
